"","Unique_cell_ID","Library","Run_ID","Lane_ID","i7_ID","i7_seq","i5_ID","i5_seq","Empty_well","Disease","Patient","Tissue_origin","FACS_phenotype","Treatment","Time_point"
"ORB518_P01_A01_S1_L006","ORB518_P01_A01_S1_L006","ORB518_lib1","K00171_781_HW72KBBXX","L006","N701","TAAGGCGA","S502","ATAGAGAG","false","Breast_Carcinoma","KOBE","Tumor","CD3+_CD4+_CD25+_GARP+",NA,NA
"ORB518_P01_A02_S2_L006","ORB518_P01_A02_S2_L006","ORB518_lib1","K00171_781_HW72KBBXX","L006","N702","CGTACTAG","S502","ATAGAGAG","false","Breast_Carcinoma","KOBE","Tumor","CD3+_CD4+_CD25+_GARP+",NA,NA
"ORB518_P01_A03_S3_L006","ORB518_P01_A03_S3_L006","ORB518_lib1","K00171_781_HW72KBBXX","L006","N703","AGGCAGAA","S502","ATAGAGAG","false","Breast_Carcinoma","KOBE","Tumor","CD3+_CD4+_CD25+_GARP+",NA,NA
"ORB518_P01_A04_S4_L006","ORB518_P01_A04_S4_L006","ORB518_lib1","K00171_781_HW72KBBXX","L006","N704","TCCTGAGC","S502","ATAGAGAG","false","Breast_Carcinoma","KOBE","Tumor","CD3+_CD4+_CD25+_GARP+",NA,NA
"ORB518_P01_A05_S5_L006","ORB518_P01_A05_S5_L006","ORB518_lib1","K00171_781_HW72KBBXX","L006","N705","GGACTCCT","S502","ATAGAGAG","false","Breast_Carcinoma","KOBE","Tumor","CD3+_CD4+_CD25+_GARP+",NA,NA
"ORB518_P01_A06_S6_L006","ORB518_P01_A06_S6_L006","ORB518_lib1","K00171_781_HW72KBBXX","L006","N706","TAGGCATG","S502","ATAGAGAG","false","Breast_Carcinoma","KOBE","Tumor","CD3+_CD4+_CD25+_GARP+",NA,NA
"ORB518_P01_A07_S7_L006","ORB518_P01_A07_S7_L006","ORB518_lib1","K00171_781_HW72KBBXX","L006","N707","CTCTCTAC","S502","ATAGAGAG","false","Breast_Carcinoma","KOBE","Tumor","CD3+_CD4+_CD25+_GARP+",NA,NA
"ORB518_P01_A08_S8_L006","ORB518_P01_A08_S8_L006","ORB518_lib1","K00171_781_HW72KBBXX","L006","N710","CGAGGCTG","S502","ATAGAGAG","false","Breast_Carcinoma","KOBE","Tumor","CD3+_CD4+_CD25+_GARP+",NA,NA
"ORB518_P01_A09_S9_L006","ORB518_P01_A09_S9_L006","ORB518_lib1","K00171_781_HW72KBBXX","L006","N711","AAGAGGCA","S502","ATAGAGAG","false","Breast_Carcinoma","KOBE","Tumor","CD3+_CD4+_CD25+_GARP+",NA,NA
"ORB518_P01_A10_S10_L006","ORB518_P01_A10_S10_L006","ORB518_lib1","K00171_781_HW72KBBXX","L006","N712","GTAGAGGA","S502","ATAGAGAG","false","Breast_Carcinoma","KOBE","Tumor","CD3+_CD4+_CD25+_GARP+",NA,NA
"ORB518_P01_A11_S11_L006","ORB518_P01_A11_S11_L006","ORB518_lib1","K00171_781_HW72KBBXX","L006","N714","GCTCATGA","S502","ATAGAGAG","false","Breast_Carcinoma","KOBE","Tumor","CD3+_CD4+_CD25+_GARP+",NA,NA
"ORB518_P01_A12_S12_L006","ORB518_P01_A12_S12_L006","ORB518_lib1","K00171_781_HW72KBBXX","L006","N715","ATCTCAGG","S502","ATAGAGAG","false","Breast_Carcinoma","KOBE","Tumor","CD3+_CD4+_CD25+_GARP+",NA,NA
"ORB518_P01_B01_S13_L006","ORB518_P01_B01_S13_L006","ORB518_lib1","K00171_781_HW72KBBXX","L006","N701","TAAGGCGA","S503","AGAGGATA","false","Breast_Carcinoma","KOBE","Tumor","CD3+_CD4+_CD25+_GARP+",NA,NA
"ORB518_P01_B02_S14_L006","ORB518_P01_B02_S14_L006","ORB518_lib1","K00171_781_HW72KBBXX","L006","N702","CGTACTAG","S503","AGAGGATA","false","Breast_Carcinoma","KOBE","Tumor","CD3+_CD4+_CD25+_GARP+",NA,NA
"ORB518_P01_B03_S15_L006","ORB518_P01_B03_S15_L006","ORB518_lib1","K00171_781_HW72KBBXX","L006","N703","AGGCAGAA","S503","AGAGGATA","false","Breast_Carcinoma","KOBE","Tumor","CD3+_CD4+_CD25+_GARP+",NA,NA
"ORB518_P01_B04_S16_L006","ORB518_P01_B04_S16_L006","ORB518_lib1","K00171_781_HW72KBBXX","L006","N704","TCCTGAGC","S503","AGAGGATA","false","Breast_Carcinoma","KOBE","Tumor","CD3+_CD4+_CD25+_GARP+",NA,NA
"ORB518_P01_B05_S17_L006","ORB518_P01_B05_S17_L006","ORB518_lib1","K00171_781_HW72KBBXX","L006","N705","GGACTCCT","S503","AGAGGATA","false","Breast_Carcinoma","KOBE","Tumor","CD3+_CD4+_CD25+_GARP+",NA,NA
"ORB518_P01_B06_S18_L006","ORB518_P01_B06_S18_L006","ORB518_lib1","K00171_781_HW72KBBXX","L006","N706","TAGGCATG","S503","AGAGGATA","false","Breast_Carcinoma","KOBE","Tumor","CD3+_CD4+_CD25+_GARP+",NA,NA
"ORB518_P01_B07_S19_L006","ORB518_P01_B07_S19_L006","ORB518_lib1","K00171_781_HW72KBBXX","L006","N707","CTCTCTAC","S503","AGAGGATA","false","Breast_Carcinoma","KOBE","Tumor","CD3+_CD4+_CD25+_GARP+",NA,NA
"ORB518_P01_B08_S20_L006","ORB518_P01_B08_S20_L006","ORB518_lib1","K00171_781_HW72KBBXX","L006","N710","CGAGGCTG","S503","AGAGGATA","false","Breast_Carcinoma","KOBE","Tumor","CD3+_CD4+_CD25+_GARP+",NA,NA
"ORB518_P01_B09_S21_L006","ORB518_P01_B09_S21_L006","ORB518_lib1","K00171_781_HW72KBBXX","L006","N711","AAGAGGCA","S503","AGAGGATA","false","Breast_Carcinoma","KOBE","Tumor","CD3+_CD4+_CD25+_GARP+",NA,NA
"ORB518_P01_B10_S22_L006","ORB518_P01_B10_S22_L006","ORB518_lib1","K00171_781_HW72KBBXX","L006","N712","GTAGAGGA","S503","AGAGGATA","false","Breast_Carcinoma","KOBE","Tumor","CD3+_CD4+_CD25+_GARP+",NA,NA
"ORB518_P01_B11_S23_L006","ORB518_P01_B11_S23_L006","ORB518_lib1","K00171_781_HW72KBBXX","L006","N714","GCTCATGA","S503","AGAGGATA","false","Breast_Carcinoma","KOBE","Tumor","CD3+_CD4+_CD25+_GARP+",NA,NA
"ORB518_P01_B12_S24_L006","ORB518_P01_B12_S24_L006","ORB518_lib1","K00171_781_HW72KBBXX","L006","N715","ATCTCAGG","S503","AGAGGATA","false","Breast_Carcinoma","KOBE","Tumor","CD3+_CD4+_CD25+_GARP+",NA,NA
"ORB518_P01_C01_S25_L006","ORB518_P01_C01_S25_L006","ORB518_lib1","K00171_781_HW72KBBXX","L006","N701","TAAGGCGA","S505","CTCCTTAC","false","Breast_Carcinoma","KOBE","Tumor","CD3+_CD4+_CD25+_GARP+",NA,NA
"ORB518_P01_C02_S26_L006","ORB518_P01_C02_S26_L006","ORB518_lib1","K00171_781_HW72KBBXX","L006","N702","CGTACTAG","S505","CTCCTTAC","false","Breast_Carcinoma","KOBE","Tumor","CD3+_CD4+_CD25+_GARP+",NA,NA
"ORB518_P01_C03_S27_L006","ORB518_P01_C03_S27_L006","ORB518_lib1","K00171_781_HW72KBBXX","L006","N703","AGGCAGAA","S505","CTCCTTAC","false","Breast_Carcinoma","KOBE","Tumor","CD3+_CD4+_CD25+_GARP+",NA,NA
"ORB518_P01_C04_S28_L006","ORB518_P01_C04_S28_L006","ORB518_lib1","K00171_781_HW72KBBXX","L006","N704","TCCTGAGC","S505","CTCCTTAC","false","Breast_Carcinoma","KOBE","Tumor","CD3+_CD4+_CD25+_GARP+",NA,NA
"ORB518_P01_C05_S29_L006","ORB518_P01_C05_S29_L006","ORB518_lib1","K00171_781_HW72KBBXX","L006","N705","GGACTCCT","S505","CTCCTTAC","false","Breast_Carcinoma","KOBE","Tumor","CD3+_CD4+_CD25+_GARP+",NA,NA
"ORB518_P01_C06_S30_L006","ORB518_P01_C06_S30_L006","ORB518_lib1","K00171_781_HW72KBBXX","L006","N706","TAGGCATG","S505","CTCCTTAC","false","Breast_Carcinoma","KOBE","Tumor","CD3+_CD4+_CD25+_GARP+",NA,NA
"ORB518_P01_C07_S31_L006","ORB518_P01_C07_S31_L006","ORB518_lib1","K00171_781_HW72KBBXX","L006","N707","CTCTCTAC","S505","CTCCTTAC","false","Breast_Carcinoma","KOBE","Tumor","CD3+_CD4+_CD25+_GARP+",NA,NA
"ORB518_P01_C08_S32_L006","ORB518_P01_C08_S32_L006","ORB518_lib1","K00171_781_HW72KBBXX","L006","N710","CGAGGCTG","S505","CTCCTTAC","false","Breast_Carcinoma","KOBE","Tumor","CD3+_CD4+_CD25+_GARP+",NA,NA
"ORB518_P01_C09_S33_L006","ORB518_P01_C09_S33_L006","ORB518_lib1","K00171_781_HW72KBBXX","L006","N711","AAGAGGCA","S505","CTCCTTAC","false","Breast_Carcinoma","KOBE","Tumor","CD3+_CD4+_CD25+_GARP+",NA,NA
"ORB518_P01_C10_S34_L006","ORB518_P01_C10_S34_L006","ORB518_lib1","K00171_781_HW72KBBXX","L006","N712","GTAGAGGA","S505","CTCCTTAC","false","Breast_Carcinoma","KOBE","Tumor","CD3+_CD4+_CD25+_GARP+",NA,NA
"ORB518_P01_C11_S35_L006","ORB518_P01_C11_S35_L006","ORB518_lib1","K00171_781_HW72KBBXX","L006","N714","GCTCATGA","S505","CTCCTTAC","false","Breast_Carcinoma","KOBE","Tumor","CD3+_CD4+_CD25+_GARP+",NA,NA
"ORB518_P01_C12_S36_L006","ORB518_P01_C12_S36_L006","ORB518_lib1","K00171_781_HW72KBBXX","L006","N715","ATCTCAGG","S505","CTCCTTAC","false","Breast_Carcinoma","KOBE","Tumor","CD3+_CD4+_CD25+_GARP+",NA,NA
"ORB518_P01_D01_S37_L006","ORB518_P01_D01_S37_L006","ORB518_lib1","K00171_781_HW72KBBXX","L006","N701","TAAGGCGA","S506","TATGCAGT","false","Breast_Carcinoma","KOBE","Tumor","CD3+_CD4+_CD25+_GARP+",NA,NA
"ORB518_P01_D02_S38_L006","ORB518_P01_D02_S38_L006","ORB518_lib1","K00171_781_HW72KBBXX","L006","N702","CGTACTAG","S506","TATGCAGT","false","Breast_Carcinoma","KOBE","Tumor","CD3+_CD4+_CD25+_GARP+",NA,NA
"ORB518_P01_D03_S39_L006","ORB518_P01_D03_S39_L006","ORB518_lib1","K00171_781_HW72KBBXX","L006","N703","AGGCAGAA","S506","TATGCAGT","false","Breast_Carcinoma","KOBE","Tumor","CD3+_CD4+_CD25+_GARP+",NA,NA
"ORB518_P01_D04_S40_L006","ORB518_P01_D04_S40_L006","ORB518_lib1","K00171_781_HW72KBBXX","L006","N704","TCCTGAGC","S506","TATGCAGT","false","Breast_Carcinoma","KOBE","Tumor","CD3+_CD4+_CD25+_GARP+",NA,NA
"ORB518_P01_D05_S41_L006","ORB518_P01_D05_S41_L006","ORB518_lib1","K00171_781_HW72KBBXX","L006","N705","GGACTCCT","S506","TATGCAGT","false","Breast_Carcinoma","KOBE","Tumor","CD3+_CD4+_CD25+_GARP+",NA,NA
"ORB518_P01_D06_S42_L006","ORB518_P01_D06_S42_L006","ORB518_lib1","K00171_781_HW72KBBXX","L006","N706","TAGGCATG","S506","TATGCAGT","false","Breast_Carcinoma","KOBE","Tumor","CD3+_CD4+_CD25+_GARP+",NA,NA
"ORB518_P01_D07_S43_L006","ORB518_P01_D07_S43_L006","ORB518_lib1","K00171_781_HW72KBBXX","L006","N707","CTCTCTAC","S506","TATGCAGT","false","Breast_Carcinoma","KOBE","Tumor","CD3+_CD4+_CD25+_GARP+",NA,NA
"ORB518_P01_D08_S44_L006","ORB518_P01_D08_S44_L006","ORB518_lib1","K00171_781_HW72KBBXX","L006","N710","CGAGGCTG","S506","TATGCAGT","false","Breast_Carcinoma","KOBE","Tumor","CD3+_CD4+_CD25+_GARP+",NA,NA
"ORB518_P01_D09_S45_L006","ORB518_P01_D09_S45_L006","ORB518_lib1","K00171_781_HW72KBBXX","L006","N711","AAGAGGCA","S506","TATGCAGT","false","Breast_Carcinoma","KOBE","Tumor","CD3+_CD4+_CD25+_GARP+",NA,NA
"ORB518_P01_D10_S46_L006","ORB518_P01_D10_S46_L006","ORB518_lib1","K00171_781_HW72KBBXX","L006","N712","GTAGAGGA","S506","TATGCAGT","false","Breast_Carcinoma","KOBE","Tumor","CD3+_CD4+_CD25+_GARP+",NA,NA
"ORB518_P01_D11_S47_L006","ORB518_P01_D11_S47_L006","ORB518_lib1","K00171_781_HW72KBBXX","L006","N714","GCTCATGA","S506","TATGCAGT","false","Breast_Carcinoma","KOBE","Tumor","CD3+_CD4+_CD25+_GARP+",NA,NA
"ORB518_P01_D12_S48_L006","ORB518_P01_D12_S48_L006","ORB518_lib1","K00171_781_HW72KBBXX","L006","N715","ATCTCAGG","S506","TATGCAGT","false","Breast_Carcinoma","KOBE","Tumor","CD3+_CD4+_CD25+_GARP+",NA,NA
"ORB518_P01_E01_S49_L006","ORB518_P01_E01_S49_L006","ORB518_lib1","K00171_781_HW72KBBXX","L006","N701","TAAGGCGA","S507","TACTCCTT","false","Breast_Carcinoma","KOBE","Tumor","CD3+_CD4+_CD25+_GARP+",NA,NA
"ORB518_P01_E02_S50_L006","ORB518_P01_E02_S50_L006","ORB518_lib1","K00171_781_HW72KBBXX","L006","N702","CGTACTAG","S507","TACTCCTT","false","Breast_Carcinoma","KOBE","Tumor","CD3+_CD4+_CD25+_GARP+",NA,NA
"ORB518_P01_E03_S51_L006","ORB518_P01_E03_S51_L006","ORB518_lib1","K00171_781_HW72KBBXX","L006","N703","AGGCAGAA","S507","TACTCCTT","false","Breast_Carcinoma","KOBE","Tumor","CD3+_CD4+_CD25+_GARP+",NA,NA
"ORB518_P01_E04_S52_L006","ORB518_P01_E04_S52_L006","ORB518_lib1","K00171_781_HW72KBBXX","L006","N704","TCCTGAGC","S507","TACTCCTT","false","Breast_Carcinoma","KOBE","Tumor","CD3+_CD4+_CD25+_GARP+",NA,NA
"ORB518_P01_E05_S53_L006","ORB518_P01_E05_S53_L006","ORB518_lib1","K00171_781_HW72KBBXX","L006","N705","GGACTCCT","S507","TACTCCTT","false","Breast_Carcinoma","KOBE","Tumor","CD3+_CD4+_CD25+_GARP+",NA,NA
"ORB518_P01_E06_S54_L006","ORB518_P01_E06_S54_L006","ORB518_lib1","K00171_781_HW72KBBXX","L006","N706","TAGGCATG","S507","TACTCCTT","false","Breast_Carcinoma","KOBE","Tumor","CD3+_CD4+_CD25+_GARP+",NA,NA
"ORB518_P01_E07_S55_L006","ORB518_P01_E07_S55_L006","ORB518_lib1","K00171_781_HW72KBBXX","L006","N707","CTCTCTAC","S507","TACTCCTT","false","Breast_Carcinoma","KOBE","Tumor","CD3+_CD4+_CD25+_GARP+",NA,NA
"ORB518_P01_E08_S56_L006","ORB518_P01_E08_S56_L006","ORB518_lib1","K00171_781_HW72KBBXX","L006","N710","CGAGGCTG","S507","TACTCCTT","false","Breast_Carcinoma","KOBE","Tumor","CD3+_CD4+_CD25+_GARP+",NA,NA
"ORB518_P01_E09_S57_L006","ORB518_P01_E09_S57_L006","ORB518_lib1","K00171_781_HW72KBBXX","L006","N711","AAGAGGCA","S507","TACTCCTT","false","Breast_Carcinoma","KOBE","Tumor","CD3+_CD4+_CD25+_GARP+",NA,NA
"ORB518_P01_E10_S58_L006","ORB518_P01_E10_S58_L006","ORB518_lib1","K00171_781_HW72KBBXX","L006","N712","GTAGAGGA","S507","TACTCCTT","false","Breast_Carcinoma","KOBE","Tumor","CD3+_CD4+_CD25+_GARP+",NA,NA
"ORB518_P01_E11_S59_L006","ORB518_P01_E11_S59_L006","ORB518_lib1","K00171_781_HW72KBBXX","L006","N714","GCTCATGA","S507","TACTCCTT","false","Breast_Carcinoma","KOBE","Tumor","CD3+_CD4+_CD25+_GARP+",NA,NA
"ORB518_P01_E12_S60_L006","ORB518_P01_E12_S60_L006","ORB518_lib1","K00171_781_HW72KBBXX","L006","N715","ATCTCAGG","S507","TACTCCTT","false","Breast_Carcinoma","KOBE","Tumor","CD3+_CD4+_CD25+_GARP+",NA,NA
"ORB518_P01_F01_S61_L006","ORB518_P01_F01_S61_L006","ORB518_lib1","K00171_781_HW72KBBXX","L006","N701","TAAGGCGA","S508","AGGCTTAG","false","Breast_Carcinoma","KOBE","Tumor","CD3+_CD4+_CD25+_GARP+",NA,NA
"ORB518_P01_F02_S62_L006","ORB518_P01_F02_S62_L006","ORB518_lib1","K00171_781_HW72KBBXX","L006","N702","CGTACTAG","S508","AGGCTTAG","false","Breast_Carcinoma","KOBE","Tumor","CD3+_CD4+_CD25+_GARP+",NA,NA
"ORB518_P01_F03_S63_L006","ORB518_P01_F03_S63_L006","ORB518_lib1","K00171_781_HW72KBBXX","L006","N703","AGGCAGAA","S508","AGGCTTAG","false","Breast_Carcinoma","KOBE","Tumor","CD3+_CD4+_CD25+_GARP+",NA,NA
"ORB518_P01_F04_S64_L006","ORB518_P01_F04_S64_L006","ORB518_lib1","K00171_781_HW72KBBXX","L006","N704","TCCTGAGC","S508","AGGCTTAG","false","Breast_Carcinoma","KOBE","Tumor","CD3+_CD4+_CD25+_GARP+",NA,NA
"ORB518_P01_F05_S65_L006","ORB518_P01_F05_S65_L006","ORB518_lib1","K00171_781_HW72KBBXX","L006","N705","GGACTCCT","S508","AGGCTTAG","false","Breast_Carcinoma","KOBE","Tumor","CD3+_CD4+_CD25+_GARP+",NA,NA
"ORB518_P01_F06_S66_L006","ORB518_P01_F06_S66_L006","ORB518_lib1","K00171_781_HW72KBBXX","L006","N706","TAGGCATG","S508","AGGCTTAG","false","Breast_Carcinoma","KOBE","Tumor","CD3+_CD4+_CD25+_GARP+",NA,NA
"ORB518_P01_F07_S67_L006","ORB518_P01_F07_S67_L006","ORB518_lib1","K00171_781_HW72KBBXX","L006","N707","CTCTCTAC","S508","AGGCTTAG","false","Breast_Carcinoma","KOBE","Tumor","CD3+_CD4+_CD25+_GARP+",NA,NA
"ORB518_P01_F08_S68_L006","ORB518_P01_F08_S68_L006","ORB518_lib1","K00171_781_HW72KBBXX","L006","N710","CGAGGCTG","S508","AGGCTTAG","false","Breast_Carcinoma","KOBE","Tumor","CD3+_CD4+_CD25+_GARP+",NA,NA
"ORB518_P01_F09_S69_L006","ORB518_P01_F09_S69_L006","ORB518_lib1","K00171_781_HW72KBBXX","L006","N711","AAGAGGCA","S508","AGGCTTAG","false","Breast_Carcinoma","KOBE","Tumor","CD3+_CD4+_CD25+_GARP+",NA,NA
"ORB518_P01_F10_S70_L006","ORB518_P01_F10_S70_L006","ORB518_lib1","K00171_781_HW72KBBXX","L006","N712","GTAGAGGA","S508","AGGCTTAG","false","Breast_Carcinoma","KOBE","Tumor","CD3+_CD4+_CD25+_GARP+",NA,NA
"ORB518_P01_F11_S71_L006","ORB518_P01_F11_S71_L006","ORB518_lib1","K00171_781_HW72KBBXX","L006","N714","GCTCATGA","S508","AGGCTTAG","false","Breast_Carcinoma","KOBE","Tumor","CD3+_CD4+_CD25+_GARP+",NA,NA
"ORB518_P01_F12_S72_L006","ORB518_P01_F12_S72_L006","ORB518_lib1","K00171_781_HW72KBBXX","L006","N715","ATCTCAGG","S508","AGGCTTAG","false","Breast_Carcinoma","KOBE","Tumor","CD3+_CD4+_CD25+_GARP+",NA,NA
"ORB518_P01_G01_S73_L006","ORB518_P01_G01_S73_L006","ORB518_lib1","K00171_781_HW72KBBXX","L006","N701","TAAGGCGA","S510","ATTAGACG","false","Breast_Carcinoma","KOBE","Tumor","CD3+_CD4+_CD25+_GARP+",NA,NA
"ORB518_P01_G02_S74_L006","ORB518_P01_G02_S74_L006","ORB518_lib1","K00171_781_HW72KBBXX","L006","N702","CGTACTAG","S510","ATTAGACG","false","Breast_Carcinoma","KOBE","Tumor","CD3+_CD4+_CD25+_GARP+",NA,NA
"ORB518_P01_G03_S75_L006","ORB518_P01_G03_S75_L006","ORB518_lib1","K00171_781_HW72KBBXX","L006","N703","AGGCAGAA","S510","ATTAGACG","false","Breast_Carcinoma","KOBE","Tumor","CD3+_CD4+_CD25+_GARP+",NA,NA
"ORB518_P01_G04_S76_L006","ORB518_P01_G04_S76_L006","ORB518_lib1","K00171_781_HW72KBBXX","L006","N704","TCCTGAGC","S510","ATTAGACG","false","Breast_Carcinoma","KOBE","Tumor","CD3+_CD4+_CD25+_GARP+",NA,NA
"ORB518_P01_G05_S77_L006","ORB518_P01_G05_S77_L006","ORB518_lib1","K00171_781_HW72KBBXX","L006","N705","GGACTCCT","S510","ATTAGACG","false","Breast_Carcinoma","KOBE","Tumor","CD3+_CD4+_CD25+_GARP+",NA,NA
"ORB518_P01_G06_S78_L006","ORB518_P01_G06_S78_L006","ORB518_lib1","K00171_781_HW72KBBXX","L006","N706","TAGGCATG","S510","ATTAGACG","false","Breast_Carcinoma","KOBE","Tumor","CD3+_CD4+_CD25+_GARP+",NA,NA
"ORB518_P01_G07_S79_L006","ORB518_P01_G07_S79_L006","ORB518_lib1","K00171_781_HW72KBBXX","L006","N707","CTCTCTAC","S510","ATTAGACG","false","Breast_Carcinoma","KOBE","Tumor","CD3+_CD4+_CD25+_GARP+",NA,NA
"ORB518_P01_G08_S80_L006","ORB518_P01_G08_S80_L006","ORB518_lib1","K00171_781_HW72KBBXX","L006","N710","CGAGGCTG","S510","ATTAGACG","false","Breast_Carcinoma","KOBE","Tumor","CD3+_CD4+_CD25+_GARP+",NA,NA
"ORB518_P01_G09_S81_L006","ORB518_P01_G09_S81_L006","ORB518_lib1","K00171_781_HW72KBBXX","L006","N711","AAGAGGCA","S510","ATTAGACG","false","Breast_Carcinoma","KOBE","Tumor","CD3+_CD4+_CD25+_GARP+",NA,NA
"ORB518_P01_G10_S82_L006","ORB518_P01_G10_S82_L006","ORB518_lib1","K00171_781_HW72KBBXX","L006","N712","GTAGAGGA","S510","ATTAGACG","false","Breast_Carcinoma","KOBE","Tumor","CD3+_CD4+_CD25+_GARP+",NA,NA
"ORB518_P01_G11_S83_L006","ORB518_P01_G11_S83_L006","ORB518_lib1","K00171_781_HW72KBBXX","L006","N714","GCTCATGA","S510","ATTAGACG","false","Breast_Carcinoma","KOBE","Tumor","CD3+_CD4+_CD25+_GARP+",NA,NA
"ORB518_P01_G12_S84_L006","ORB518_P01_G12_S84_L006","ORB518_lib1","K00171_781_HW72KBBXX","L006","N715","ATCTCAGG","S510","ATTAGACG","false","Breast_Carcinoma","KOBE","Tumor","CD3+_CD4+_CD25+_GARP+",NA,NA
"ORB518_P01_H01_S85_L006","ORB518_P01_H01_S85_L006","ORB518_lib1","K00171_781_HW72KBBXX","L006","N701","TAAGGCGA","S511","CGGAGAGA","false","Breast_Carcinoma","KOBE","Tumor","CD3+_CD4+_CD25+_GARP+",NA,NA
"ORB518_P01_H02_S86_L006","ORB518_P01_H02_S86_L006","ORB518_lib1","K00171_781_HW72KBBXX","L006","N702","CGTACTAG","S511","CGGAGAGA","false","Breast_Carcinoma","KOBE","Tumor","CD3+_CD4+_CD25+_GARP+",NA,NA
"ORB518_P01_H03_S87_L006","ORB518_P01_H03_S87_L006","ORB518_lib1","K00171_781_HW72KBBXX","L006","N703","AGGCAGAA","S511","CGGAGAGA","false","Breast_Carcinoma","KOBE","Tumor","CD3+_CD4+_CD25+_GARP+",NA,NA
"ORB518_P01_H04_S88_L006","ORB518_P01_H04_S88_L006","ORB518_lib1","K00171_781_HW72KBBXX","L006","N704","TCCTGAGC","S511","CGGAGAGA","false","Breast_Carcinoma","KOBE","Tumor","CD3+_CD4+_CD25+_GARP+",NA,NA
"ORB518_P01_H05_S89_L006","ORB518_P01_H05_S89_L006","ORB518_lib1","K00171_781_HW72KBBXX","L006","N705","GGACTCCT","S511","CGGAGAGA","false","Breast_Carcinoma","KOBE","Tumor","CD3+_CD4+_CD25+_GARP+",NA,NA
"ORB518_P01_H06_S90_L006","ORB518_P01_H06_S90_L006","ORB518_lib1","K00171_781_HW72KBBXX","L006","N706","TAGGCATG","S511","CGGAGAGA","false","Breast_Carcinoma","KOBE","Tumor","CD3+_CD4+_CD25+_GARP+",NA,NA
"ORB518_P01_H07_S91_L006","ORB518_P01_H07_S91_L006","ORB518_lib1","K00171_781_HW72KBBXX","L006","N707","CTCTCTAC","S511","CGGAGAGA","false","Breast_Carcinoma","KOBE","Tumor","CD3+_CD4+_CD25+_GARP+",NA,NA
"ORB518_P01_H08_S92_L006","ORB518_P01_H08_S92_L006","ORB518_lib1","K00171_781_HW72KBBXX","L006","N710","CGAGGCTG","S511","CGGAGAGA","false","Breast_Carcinoma","KOBE","Tumor","CD3+_CD4+_CD25+_GARP+",NA,NA
"ORB518_P01_H09_S93_L006","ORB518_P01_H09_S93_L006","ORB518_lib1","K00171_781_HW72KBBXX","L006","N711","AAGAGGCA","S511","CGGAGAGA","false","Breast_Carcinoma","KOBE","Tumor","CD3+_CD4+_CD25+_GARP+",NA,NA
"ORB518_P01_H10_S94_L006","ORB518_P01_H10_S94_L006","ORB518_lib1","K00171_781_HW72KBBXX","L006","N712","GTAGAGGA","S511","CGGAGAGA","false","Breast_Carcinoma","KOBE","Tumor","CD3+_CD4+_CD25+_GARP+",NA,NA
"ORB518_P01_H11_S95_L006","ORB518_P01_H11_S95_L006","ORB518_lib1","K00171_781_HW72KBBXX","L006","N714","GCTCATGA","S511","CGGAGAGA","false","Breast_Carcinoma","KOBE","Tumor","CD3+_CD4+_CD25+_GARP+",NA,NA
"ORB518_P01_H12_S96_L006","ORB518_P01_H12_S96_L006","ORB518_lib1","K00171_781_HW72KBBXX","L006","N715","ATCTCAGG","S511","CGGAGAGA","false","Breast_Carcinoma","KOBE","Tumor","CD3+_CD4+_CD25+_GARP+",NA,NA
"ORB544_Lib1_097","ORB544_Lib1_097","ORB544_Lib1","STE00114_1005_H2F22CCX2","L001","N716","ACTCGCTA","S502","ATAGAGAG","false","Breast_Carcinoma","FETU","Tumor","CD3+_CD4+_CD25+_GARP+",NA,NA
"ORB544_Lib1_098","ORB544_Lib1_098","ORB544_Lib1","STE00114_1005_H2F22CCX2","L001","N718","GGAGCTAC","S502","ATAGAGAG","false","Breast_Carcinoma","FETU","Tumor","CD3+_CD4+_CD25+_GARP+",NA,NA
"ORB544_Lib1_099","ORB544_Lib1_099","ORB544_Lib1","STE00114_1005_H2F22CCX2","L001","N719","GCGTAGTA","S502","ATAGAGAG","false","Breast_Carcinoma","FETU","Tumor","CD3+_CD4+_CD25+_GARP+",NA,NA
"ORB544_Lib1_100","ORB544_Lib1_100","ORB544_Lib1","STE00114_1005_H2F22CCX2","L001","N720","CGGAGCCT","S502","ATAGAGAG","false","Breast_Carcinoma","FETU","Tumor","CD3+_CD4+_CD25+_GARP+",NA,NA
"ORB544_Lib1_101","ORB544_Lib1_101","ORB544_Lib1","STE00114_1005_H2F22CCX2","L001","N721","TACGCTGC","S502","ATAGAGAG","false","Breast_Carcinoma","FETU","Tumor","CD3+_CD4+_CD25+_GARP+",NA,NA
"ORB544_Lib1_102","ORB544_Lib1_102","ORB544_Lib1","STE00114_1005_H2F22CCX2","L001","N722","ATGCGCAG","S502","ATAGAGAG","false","Breast_Carcinoma","FETU","Tumor","CD3+_CD4+_CD25+_GARP+",NA,NA
"ORB544_Lib1_103","ORB544_Lib1_103","ORB544_Lib1","STE00114_1005_H2F22CCX2","L001","N723","TAGCGCTC","S502","ATAGAGAG","false","Breast_Carcinoma","FETU","Tumor","CD3+_CD4+_CD25+_GARP+",NA,NA
"ORB544_Lib1_104","ORB544_Lib1_104","ORB544_Lib1","STE00114_1005_H2F22CCX2","L001","N724","ACTGAGCG","S502","ATAGAGAG","false","Breast_Carcinoma","FETU","Tumor","CD3+_CD4+_CD25+_GARP+",NA,NA
"ORB544_Lib1_105","ORB544_Lib1_105","ORB544_Lib1","STE00114_1005_H2F22CCX2","L001","N726","CCTAAGAC","S502","ATAGAGAG","false","Breast_Carcinoma","FETU","Tumor","CD3+_CD4+_CD25+_GARP+",NA,NA
"ORB544_Lib1_106","ORB544_Lib1_106","ORB544_Lib1","STE00114_1005_H2F22CCX2","L001","N727","CGATCAGT","S502","ATAGAGAG","false","Breast_Carcinoma","FETU","Tumor","CD3+_CD4+_CD25+_GARP+",NA,NA
"ORB544_Lib1_107","ORB544_Lib1_107","ORB544_Lib1","STE00114_1005_H2F22CCX2","L001","N728","TGCAGCTA","S502","ATAGAGAG","false","Breast_Carcinoma","FETU","Tumor","CD3+_CD4+_CD25+_GARP+",NA,NA
"ORB544_Lib1_108","ORB544_Lib1_108","ORB544_Lib1","STE00114_1005_H2F22CCX2","L001","N729","TCGACGTC","S502","ATAGAGAG","false","Breast_Carcinoma","FETU","Tumor","CD3+_CD4+_CD25+_GARP+",NA,NA
"ORB544_Lib1_109","ORB544_Lib1_109","ORB544_Lib1","STE00114_1005_H2F22CCX2","L001","N716","ACTCGCTA","S503","AGAGGATA","false","Breast_Carcinoma","FETU","Tumor","CD3+_CD4+_CD25+_GARP+",NA,NA
"ORB544_Lib1_110","ORB544_Lib1_110","ORB544_Lib1","STE00114_1005_H2F22CCX2","L001","N718","GGAGCTAC","S503","AGAGGATA","false","Breast_Carcinoma","FETU","Tumor","CD3+_CD4+_CD25+_GARP+",NA,NA
"ORB544_Lib1_111","ORB544_Lib1_111","ORB544_Lib1","STE00114_1005_H2F22CCX2","L001","N719","GCGTAGTA","S503","AGAGGATA","false","Breast_Carcinoma","FETU","Tumor","CD3+_CD4+_CD25+_GARP+",NA,NA
"ORB544_Lib1_112","ORB544_Lib1_112","ORB544_Lib1","STE00114_1005_H2F22CCX2","L001","N720","CGGAGCCT","S503","AGAGGATA","false","Breast_Carcinoma","FETU","Tumor","CD3+_CD4+_CD25+_GARP+",NA,NA
"ORB544_Lib1_113","ORB544_Lib1_113","ORB544_Lib1","STE00114_1005_H2F22CCX2","L001","N721","TACGCTGC","S503","AGAGGATA","false","Breast_Carcinoma","FETU","Tumor","CD3+_CD4+_CD25+_GARP+",NA,NA
"ORB544_Lib1_114","ORB544_Lib1_114","ORB544_Lib1","STE00114_1005_H2F22CCX2","L001","N722","ATGCGCAG","S503","AGAGGATA","false","Breast_Carcinoma","FETU","Tumor","CD3+_CD4+_CD25+_GARP+",NA,NA
"ORB544_Lib1_115","ORB544_Lib1_115","ORB544_Lib1","STE00114_1005_H2F22CCX2","L001","N723","TAGCGCTC","S503","AGAGGATA","false","Breast_Carcinoma","FETU","Tumor","CD3+_CD4+_CD25+_GARP+",NA,NA
"ORB544_Lib1_116","ORB544_Lib1_116","ORB544_Lib1","STE00114_1005_H2F22CCX2","L001","N724","ACTGAGCG","S503","AGAGGATA","false","Breast_Carcinoma","FETU","Tumor","CD3+_CD4+_CD25+_GARP+",NA,NA
"ORB544_Lib1_117","ORB544_Lib1_117","ORB544_Lib1","STE00114_1005_H2F22CCX2","L001","N726","CCTAAGAC","S503","AGAGGATA","false","Breast_Carcinoma","FETU","Tumor","CD3+_CD4+_CD25+_GARP+",NA,NA
"ORB544_Lib1_118","ORB544_Lib1_118","ORB544_Lib1","STE00114_1005_H2F22CCX2","L001","N727","CGATCAGT","S503","AGAGGATA","false","Breast_Carcinoma","FETU","Tumor","CD3+_CD4+_CD25+_GARP+",NA,NA
"ORB544_Lib1_119","ORB544_Lib1_119","ORB544_Lib1","STE00114_1005_H2F22CCX2","L001","N728","TGCAGCTA","S503","AGAGGATA","false","Breast_Carcinoma","FETU","Tumor","CD3+_CD4+_CD25+_GARP+",NA,NA
"ORB544_Lib1_120","ORB544_Lib1_120","ORB544_Lib1","STE00114_1005_H2F22CCX2","L001","N729","TCGACGTC","S503","AGAGGATA","false","Breast_Carcinoma","FETU","Tumor","CD3+_CD4+_CD25+_GARP+",NA,NA
"ORB544_Lib1_121","ORB544_Lib1_121","ORB544_Lib1","STE00114_1005_H2F22CCX2","L001","N716","ACTCGCTA","S505","CTCCTTAC","false","Breast_Carcinoma","FETU","Tumor","CD3+_CD4+_CD25+_GARP+",NA,NA
"ORB544_Lib1_122","ORB544_Lib1_122","ORB544_Lib1","STE00114_1005_H2F22CCX2","L001","N718","GGAGCTAC","S505","CTCCTTAC","false","Breast_Carcinoma","FETU","Tumor","CD3+_CD4+_CD25+_GARP+",NA,NA
"ORB544_Lib1_123","ORB544_Lib1_123","ORB544_Lib1","STE00114_1005_H2F22CCX2","L001","N719","GCGTAGTA","S505","CTCCTTAC","false","Breast_Carcinoma","FETU","Tumor","CD3+_CD4+_CD25+_GARP+",NA,NA
"ORB544_Lib1_124","ORB544_Lib1_124","ORB544_Lib1","STE00114_1005_H2F22CCX2","L001","N720","CGGAGCCT","S505","CTCCTTAC","false","Breast_Carcinoma","FETU","Tumor","CD3+_CD4+_CD25+_GARP+",NA,NA
"ORB544_Lib1_125","ORB544_Lib1_125","ORB544_Lib1","STE00114_1005_H2F22CCX2","L001","N721","TACGCTGC","S505","CTCCTTAC","false","Breast_Carcinoma","FETU","Tumor","CD3+_CD4+_CD25+_GARP+",NA,NA
"ORB544_Lib1_126","ORB544_Lib1_126","ORB544_Lib1","STE00114_1005_H2F22CCX2","L001","N722","ATGCGCAG","S505","CTCCTTAC","false","Breast_Carcinoma","FETU","Tumor","CD3+_CD4+_CD25+_GARP+",NA,NA
"ORB544_Lib1_127","ORB544_Lib1_127","ORB544_Lib1","STE00114_1005_H2F22CCX2","L001","N723","TAGCGCTC","S505","CTCCTTAC","false","Breast_Carcinoma","FETU","Tumor","CD3+_CD4+_CD25+_GARP+",NA,NA
"ORB544_Lib1_128","ORB544_Lib1_128","ORB544_Lib1","STE00114_1005_H2F22CCX2","L001","N724","ACTGAGCG","S505","CTCCTTAC","false","Breast_Carcinoma","FETU","Tumor","CD3+_CD4+_CD25+_GARP+",NA,NA
"ORB544_Lib1_129","ORB544_Lib1_129","ORB544_Lib1","STE00114_1005_H2F22CCX2","L001","N726","CCTAAGAC","S505","CTCCTTAC","false","Breast_Carcinoma","FETU","Tumor","CD3+_CD4+_CD25+_GARP+",NA,NA
"ORB544_Lib1_130","ORB544_Lib1_130","ORB544_Lib1","STE00114_1005_H2F22CCX2","L001","N727","CGATCAGT","S505","CTCCTTAC","false","Breast_Carcinoma","FETU","Tumor","CD3+_CD4+_CD25+_GARP+",NA,NA
"ORB544_Lib1_131","ORB544_Lib1_131","ORB544_Lib1","STE00114_1005_H2F22CCX2","L001","N728","TGCAGCTA","S505","CTCCTTAC","false","Breast_Carcinoma","FETU","Tumor","CD3+_CD4+_CD25+_GARP+",NA,NA
"ORB544_Lib1_132","ORB544_Lib1_132","ORB544_Lib1","STE00114_1005_H2F22CCX2","L001","N729","TCGACGTC","S505","CTCCTTAC","false","Breast_Carcinoma","FETU","Tumor","CD3+_CD4+_CD25+_GARP+",NA,NA
"ORB544_Lib1_133","ORB544_Lib1_133","ORB544_Lib1","STE00114_1005_H2F22CCX2","L001","N716","ACTCGCTA","S506","TATGCAGT","false","Breast_Carcinoma","FETU","Tumor","CD3+_CD4+_CD25+_GARP+",NA,NA
"ORB544_Lib1_134","ORB544_Lib1_134","ORB544_Lib1","STE00114_1005_H2F22CCX2","L001","N718","GGAGCTAC","S506","TATGCAGT","false","Breast_Carcinoma","FETU","Tumor","CD3+_CD4+_CD25+_GARP+",NA,NA
"ORB544_Lib1_135","ORB544_Lib1_135","ORB544_Lib1","STE00114_1005_H2F22CCX2","L001","N719","GCGTAGTA","S506","TATGCAGT","false","Breast_Carcinoma","FETU","Tumor","CD3+_CD4+_CD25+_GARP+",NA,NA
"ORB544_Lib1_136","ORB544_Lib1_136","ORB544_Lib1","STE00114_1005_H2F22CCX2","L001","N720","CGGAGCCT","S506","TATGCAGT","false","Breast_Carcinoma","FETU","Tumor","CD3+_CD4+_CD25+_GARP+",NA,NA
"ORB544_Lib1_137","ORB544_Lib1_137","ORB544_Lib1","STE00114_1005_H2F22CCX2","L001","N721","TACGCTGC","S506","TATGCAGT","false","Breast_Carcinoma","FETU","Tumor","CD3+_CD4+_CD25+_GARP+",NA,NA
"ORB544_Lib1_138","ORB544_Lib1_138","ORB544_Lib1","STE00114_1005_H2F22CCX2","L001","N722","ATGCGCAG","S506","TATGCAGT","false","Breast_Carcinoma","FETU","Tumor","CD3+_CD4+_CD25+_GARP+",NA,NA
"ORB544_Lib1_139","ORB544_Lib1_139","ORB544_Lib1","STE00114_1005_H2F22CCX2","L001","N723","TAGCGCTC","S506","TATGCAGT","false","Breast_Carcinoma","FETU","Tumor","CD3+_CD4+_CD25+_GARP+",NA,NA
"ORB544_Lib1_140","ORB544_Lib1_140","ORB544_Lib1","STE00114_1005_H2F22CCX2","L001","N724","ACTGAGCG","S506","TATGCAGT","false","Breast_Carcinoma","FETU","Tumor","CD3+_CD4+_CD25+_GARP+",NA,NA
"ORB544_Lib1_141","ORB544_Lib1_141","ORB544_Lib1","STE00114_1005_H2F22CCX2","L001","N726","CCTAAGAC","S506","TATGCAGT","false","Breast_Carcinoma","FETU","Tumor","CD3+_CD4+_CD25+_GARP+",NA,NA
"ORB544_Lib1_142","ORB544_Lib1_142","ORB544_Lib1","STE00114_1005_H2F22CCX2","L001","N727","CGATCAGT","S506","TATGCAGT","false","Breast_Carcinoma","FETU","Tumor","CD3+_CD4+_CD25+_GARP+",NA,NA
"ORB544_Lib1_143","ORB544_Lib1_143","ORB544_Lib1","STE00114_1005_H2F22CCX2","L001","N728","TGCAGCTA","S506","TATGCAGT","false","Breast_Carcinoma","FETU","Tumor","CD3+_CD4+_CD25+_GARP+",NA,NA
"ORB544_Lib1_144","ORB544_Lib1_144","ORB544_Lib1","STE00114_1005_H2F22CCX2","L001","N729","TCGACGTC","S506","TATGCAGT","false","Breast_Carcinoma","FETU","Tumor","CD3+_CD4+_CD25+_GARP+",NA,NA
"ORB544_Lib1_145","ORB544_Lib1_145","ORB544_Lib1","STE00114_1005_H2F22CCX2","L001","N716","ACTCGCTA","S507","TACTCCTT","false","Breast_Carcinoma","FETU","Tumor","CD3+_CD4+_CD25+_GARP+",NA,NA
"ORB544_Lib1_146","ORB544_Lib1_146","ORB544_Lib1","STE00114_1005_H2F22CCX2","L001","N718","GGAGCTAC","S507","TACTCCTT","false","Breast_Carcinoma","FETU","Tumor","CD3+_CD4+_CD25+_GARP+",NA,NA
"ORB544_Lib1_147","ORB544_Lib1_147","ORB544_Lib1","STE00114_1005_H2F22CCX2","L001","N719","GCGTAGTA","S507","TACTCCTT","false","Breast_Carcinoma","FETU","Tumor","CD3+_CD4+_CD25+_GARP+",NA,NA
"ORB544_Lib1_148","ORB544_Lib1_148","ORB544_Lib1","STE00114_1005_H2F22CCX2","L001","N720","CGGAGCCT","S507","TACTCCTT","false","Breast_Carcinoma","FETU","Tumor","CD3+_CD4+_CD25+_GARP+",NA,NA
"ORB544_Lib1_149","ORB544_Lib1_149","ORB544_Lib1","STE00114_1005_H2F22CCX2","L001","N721","TACGCTGC","S507","TACTCCTT","false","Breast_Carcinoma","FETU","Tumor","CD3+_CD4+_CD25+_GARP+",NA,NA
"ORB544_Lib1_150","ORB544_Lib1_150","ORB544_Lib1","STE00114_1005_H2F22CCX2","L001","N722","ATGCGCAG","S507","TACTCCTT","false","Breast_Carcinoma","FETU","Tumor","CD3+_CD4+_CD25+_GARP+",NA,NA
"ORB544_Lib1_151","ORB544_Lib1_151","ORB544_Lib1","STE00114_1005_H2F22CCX2","L001","N723","TAGCGCTC","S507","TACTCCTT","false","Breast_Carcinoma","FETU","Tumor","CD3+_CD4+_CD25+_GARP+",NA,NA
"ORB544_Lib1_152","ORB544_Lib1_152","ORB544_Lib1","STE00114_1005_H2F22CCX2","L001","N724","ACTGAGCG","S507","TACTCCTT","false","Breast_Carcinoma","FETU","Tumor","CD3+_CD4+_CD25+_GARP+",NA,NA
"ORB544_Lib1_153","ORB544_Lib1_153","ORB544_Lib1","STE00114_1005_H2F22CCX2","L001","N726","CCTAAGAC","S507","TACTCCTT","false","Breast_Carcinoma","FETU","Tumor","CD3+_CD4+_CD25+_GARP+",NA,NA
"ORB544_Lib1_154","ORB544_Lib1_154","ORB544_Lib1","STE00114_1005_H2F22CCX2","L001","N727","CGATCAGT","S507","TACTCCTT","false","Breast_Carcinoma","FETU","Tumor","CD3+_CD4+_CD25+_GARP+",NA,NA
"ORB544_Lib1_155","ORB544_Lib1_155","ORB544_Lib1","STE00114_1005_H2F22CCX2","L001","N728","TGCAGCTA","S507","TACTCCTT","false","Breast_Carcinoma","FETU","Tumor","CD3+_CD4+_CD25+_GARP+",NA,NA
"ORB544_Lib1_156","ORB544_Lib1_156","ORB544_Lib1","STE00114_1005_H2F22CCX2","L001","N729","TCGACGTC","S507","TACTCCTT","false","Breast_Carcinoma","FETU","Tumor","CD3+_CD4+_CD25+_GARP+",NA,NA
"ORB544_Lib1_157","ORB544_Lib1_157","ORB544_Lib1","STE00114_1005_H2F22CCX2","L001","N716","ACTCGCTA","S508","AGGCTTAG","false","Breast_Carcinoma","FETU","Tumor","CD3+_CD4+_CD25+_GARP+",NA,NA
"ORB544_Lib1_158","ORB544_Lib1_158","ORB544_Lib1","STE00114_1005_H2F22CCX2","L001","N718","GGAGCTAC","S508","AGGCTTAG","false","Breast_Carcinoma","FETU","Tumor","CD3+_CD4+_CD25+_GARP+",NA,NA
"ORB544_Lib1_159","ORB544_Lib1_159","ORB544_Lib1","STE00114_1005_H2F22CCX2","L001","N719","GCGTAGTA","S508","AGGCTTAG","false","Breast_Carcinoma","FETU","Tumor","CD3+_CD4+_CD25+_GARP+",NA,NA
"ORB544_Lib1_160","ORB544_Lib1_160","ORB544_Lib1","STE00114_1005_H2F22CCX2","L001","N720","CGGAGCCT","S508","AGGCTTAG","false","Breast_Carcinoma","FETU","Tumor","CD3+_CD4+_CD25+_GARP+",NA,NA
"ORB544_Lib1_161","ORB544_Lib1_161","ORB544_Lib1","STE00114_1005_H2F22CCX2","L001","N721","TACGCTGC","S508","AGGCTTAG","false","Breast_Carcinoma","FETU","Tumor","CD3+_CD4+_CD25+_GARP+",NA,NA
"ORB544_Lib1_162","ORB544_Lib1_162","ORB544_Lib1","STE00114_1005_H2F22CCX2","L001","N722","ATGCGCAG","S508","AGGCTTAG","false","Breast_Carcinoma","FETU","Tumor","CD3+_CD4+_CD25+_GARP+",NA,NA
"ORB544_Lib1_163","ORB544_Lib1_163","ORB544_Lib1","STE00114_1005_H2F22CCX2","L001","N723","TAGCGCTC","S508","AGGCTTAG","false","Breast_Carcinoma","FETU","Tumor","CD3+_CD4+_CD25+_GARP+",NA,NA
"ORB544_Lib1_164","ORB544_Lib1_164","ORB544_Lib1","STE00114_1005_H2F22CCX2","L001","N724","ACTGAGCG","S508","AGGCTTAG","false","Breast_Carcinoma","FETU","Tumor","CD3+_CD4+_CD25+_GARP+",NA,NA
"ORB544_Lib1_165","ORB544_Lib1_165","ORB544_Lib1","STE00114_1005_H2F22CCX2","L001","N726","CCTAAGAC","S508","AGGCTTAG","false","Breast_Carcinoma","FETU","Tumor","CD3+_CD4+_CD25+_GARP+",NA,NA
"ORB544_Lib1_166","ORB544_Lib1_166","ORB544_Lib1","STE00114_1005_H2F22CCX2","L001","N727","CGATCAGT","S508","AGGCTTAG","false","Breast_Carcinoma","FETU","Tumor","CD3+_CD4+_CD25+_GARP+",NA,NA
"ORB544_Lib1_167","ORB544_Lib1_167","ORB544_Lib1","STE00114_1005_H2F22CCX2","L001","N728","TGCAGCTA","S508","AGGCTTAG","false","Breast_Carcinoma","FETU","Tumor","CD3+_CD4+_CD25+_GARP+",NA,NA
"ORB544_Lib1_168","ORB544_Lib1_168","ORB544_Lib1","STE00114_1005_H2F22CCX2","L001","N729","TCGACGTC","S508","AGGCTTAG","false","Breast_Carcinoma","FETU","Tumor","CD3+_CD4+_CD25+_GARP+",NA,NA
"ORB544_Lib1_169","ORB544_Lib1_169","ORB544_Lib1","STE00114_1005_H2F22CCX2","L001","N716","ACTCGCTA","S510","ATTAGACG","false","Breast_Carcinoma","FETU","Tumor","CD3+_CD4+_CD25+_GARP+",NA,NA
"ORB544_Lib1_170","ORB544_Lib1_170","ORB544_Lib1","STE00114_1005_H2F22CCX2","L001","N718","GGAGCTAC","S510","ATTAGACG","false","Breast_Carcinoma","FETU","Tumor","CD3+_CD4+_CD25+_GARP+",NA,NA
"ORB544_Lib1_171","ORB544_Lib1_171","ORB544_Lib1","STE00114_1005_H2F22CCX2","L001","N719","GCGTAGTA","S510","ATTAGACG","false","Breast_Carcinoma","FETU","Tumor","CD3+_CD4+_CD25+_GARP+",NA,NA
"ORB544_Lib1_172","ORB544_Lib1_172","ORB544_Lib1","STE00114_1005_H2F22CCX2","L001","N720","CGGAGCCT","S510","ATTAGACG","false","Breast_Carcinoma","FETU","Tumor","CD3+_CD4+_CD25+_GARP+",NA,NA
"ORB544_Lib1_173","ORB544_Lib1_173","ORB544_Lib1","STE00114_1005_H2F22CCX2","L001","N721","TACGCTGC","S510","ATTAGACG","false","Breast_Carcinoma","FETU","Tumor","CD3+_CD4+_CD25+_GARP+",NA,NA
"ORB544_Lib1_174","ORB544_Lib1_174","ORB544_Lib1","STE00114_1005_H2F22CCX2","L001","N722","ATGCGCAG","S510","ATTAGACG","false","Breast_Carcinoma","FETU","Tumor","CD3+_CD4+_CD25+_GARP+",NA,NA
"ORB544_Lib1_175","ORB544_Lib1_175","ORB544_Lib1","STE00114_1005_H2F22CCX2","L001","N723","TAGCGCTC","S510","ATTAGACG","false","Breast_Carcinoma","FETU","Tumor","CD3+_CD4+_CD25+_GARP+",NA,NA
"ORB544_Lib1_176","ORB544_Lib1_176","ORB544_Lib1","STE00114_1005_H2F22CCX2","L001","N724","ACTGAGCG","S510","ATTAGACG","false","Breast_Carcinoma","FETU","Tumor","CD3+_CD4+_CD25+_GARP+",NA,NA
"ORB544_Lib1_177","ORB544_Lib1_177","ORB544_Lib1","STE00114_1005_H2F22CCX2","L001","N726","CCTAAGAC","S510","ATTAGACG","false","Breast_Carcinoma","FETU","Tumor","CD3+_CD4+_CD25+_GARP+",NA,NA
"ORB544_Lib1_178","ORB544_Lib1_178","ORB544_Lib1","STE00114_1005_H2F22CCX2","L001","N727","CGATCAGT","S510","ATTAGACG","false","Breast_Carcinoma","FETU","Tumor","CD3+_CD4+_CD25+_GARP+",NA,NA
"ORB544_Lib1_179","ORB544_Lib1_179","ORB544_Lib1","STE00114_1005_H2F22CCX2","L001","N728","TGCAGCTA","S510","ATTAGACG","false","Breast_Carcinoma","FETU","Tumor","CD3+_CD4+_CD25+_GARP+",NA,NA
"ORB544_Lib1_180","ORB544_Lib1_180","ORB544_Lib1","STE00114_1005_H2F22CCX2","L001","N729","TCGACGTC","S510","ATTAGACG","false","Breast_Carcinoma","FETU","Tumor","CD3+_CD4+_CD25+_GARP+",NA,NA
"ORB544_Lib1_181","ORB544_Lib1_181","ORB544_Lib1","STE00114_1005_H2F22CCX2","L001","N716","ACTCGCTA","S511","CGGAGAGA","false","Breast_Carcinoma","FETU","Tumor","CD3+_CD4+_CD25+_GARP+",NA,NA
"ORB544_Lib1_182","ORB544_Lib1_182","ORB544_Lib1","STE00114_1005_H2F22CCX2","L001","N718","GGAGCTAC","S511","CGGAGAGA","false","Breast_Carcinoma","FETU","Tumor","CD3+_CD4+_CD25+_GARP+",NA,NA
"ORB544_Lib1_183","ORB544_Lib1_183","ORB544_Lib1","STE00114_1005_H2F22CCX2","L001","N719","GCGTAGTA","S511","CGGAGAGA","false","Breast_Carcinoma","FETU","Tumor","CD3+_CD4+_CD25+_GARP+",NA,NA
"ORB544_Lib1_184","ORB544_Lib1_184","ORB544_Lib1","STE00114_1005_H2F22CCX2","L001","N720","CGGAGCCT","S511","CGGAGAGA","false","Breast_Carcinoma","FETU","Tumor","CD3+_CD4+_CD25+_GARP+",NA,NA
"ORB544_Lib1_185","ORB544_Lib1_185","ORB544_Lib1","STE00114_1005_H2F22CCX2","L001","N721","TACGCTGC","S511","CGGAGAGA","false","Breast_Carcinoma","FETU","Tumor","CD3+_CD4+_CD25+_GARP+",NA,NA
"ORB544_Lib1_186","ORB544_Lib1_186","ORB544_Lib1","STE00114_1005_H2F22CCX2","L001","N722","ATGCGCAG","S511","CGGAGAGA","false","Breast_Carcinoma","FETU","Tumor","CD3+_CD4+_CD25+_GARP+",NA,NA
"ORB544_Lib1_187","ORB544_Lib1_187","ORB544_Lib1","STE00114_1005_H2F22CCX2","L001","N723","TAGCGCTC","S511","CGGAGAGA","false","Breast_Carcinoma","FETU","Tumor","CD3+_CD4+_CD25+_GARP+",NA,NA
"ORB544_Lib1_188","ORB544_Lib1_188","ORB544_Lib1","STE00114_1005_H2F22CCX2","L001","N724","ACTGAGCG","S511","CGGAGAGA","false","Breast_Carcinoma","FETU","Tumor","CD3+_CD4+_CD25+_GARP+",NA,NA
"ORB544_Lib1_189","ORB544_Lib1_189","ORB544_Lib1","STE00114_1005_H2F22CCX2","L001","N726","CCTAAGAC","S511","CGGAGAGA","false","Breast_Carcinoma","FETU","Tumor","CD3+_CD4+_CD25+_GARP+",NA,NA
"ORB544_Lib1_190","ORB544_Lib1_190","ORB544_Lib1","STE00114_1005_H2F22CCX2","L001","N727","CGATCAGT","S511","CGGAGAGA","false","Breast_Carcinoma","FETU","Tumor","CD3+_CD4+_CD25+_GARP+",NA,NA
"ORB544_Lib1_191","ORB544_Lib1_191","ORB544_Lib1","STE00114_1005_H2F22CCX2","L001","N728","TGCAGCTA","S511","CGGAGAGA","false","Breast_Carcinoma","FETU","Tumor","CD3+_CD4+_CD25+_GARP+",NA,NA
"ORB544_Lib1_192","ORB544_Lib1_192","ORB544_Lib1","STE00114_1005_H2F22CCX2","L001","N729","TCGACGTC","S511","CGGAGAGA","false","Breast_Carcinoma","FETU","Tumor","CD3+_CD4+_CD25+_GARP+",NA,NA
"ORB544_Lib2_001","ORB544_Lib2_001","ORB544_Lib2","STE00114_1005_H2F22CCX2","L002","N701","TAAGGCGA","S502","ATAGAGAG","false","Breast_Carcinoma","JORD","Tumor","CD3+_CD4+_CD25+_GARP+",NA,NA
"ORB544_Lib2_002","ORB544_Lib2_002","ORB544_Lib2","STE00114_1005_H2F22CCX2","L002","N702","CGTACTAG","S502","ATAGAGAG","false","Breast_Carcinoma","JORD","Tumor","CD3+_CD4+_CD25+_GARP+",NA,NA
"ORB544_Lib2_003","ORB544_Lib2_003","ORB544_Lib2","STE00114_1005_H2F22CCX2","L002","N703","AGGCAGAA","S502","ATAGAGAG","false","Breast_Carcinoma","JORD","Tumor","CD3+_CD4+_CD25+_GARP+",NA,NA
"ORB544_Lib2_004","ORB544_Lib2_004","ORB544_Lib2","STE00114_1005_H2F22CCX2","L002","N704","TCCTGAGC","S502","ATAGAGAG","false","Breast_Carcinoma","JORD","Tumor","CD3+_CD4+_CD25+_GARP+",NA,NA
"ORB544_Lib2_005","ORB544_Lib2_005","ORB544_Lib2","STE00114_1005_H2F22CCX2","L002","N705","GGACTCCT","S502","ATAGAGAG","false","Breast_Carcinoma","JORD","Tumor","CD3+_CD4+_CD25+_GARP+",NA,NA
"ORB544_Lib2_006","ORB544_Lib2_006","ORB544_Lib2","STE00114_1005_H2F22CCX2","L002","N706","TAGGCATG","S502","ATAGAGAG","false","Breast_Carcinoma","JORD","Tumor","CD3+_CD4+_CD25+_GARP+",NA,NA
"ORB544_Lib2_007","ORB544_Lib2_007","ORB544_Lib2","STE00114_1005_H2F22CCX2","L002","N707","CTCTCTAC","S502","ATAGAGAG","false","Breast_Carcinoma","JORD","Tumor","CD3+_CD4+_CD25+_GARP+",NA,NA
"ORB544_Lib2_008","ORB544_Lib2_008","ORB544_Lib2","STE00114_1005_H2F22CCX2","L002","N710","CGAGGCTG","S502","ATAGAGAG","false","Breast_Carcinoma","JORD","Tumor","CD3+_CD4+_CD25+_GARP+",NA,NA
"ORB544_Lib2_009","ORB544_Lib2_009","ORB544_Lib2","STE00114_1005_H2F22CCX2","L002","N711","AAGAGGCA","S502","ATAGAGAG","false","Breast_Carcinoma","JORD","Tumor","CD3+_CD4+_CD25+_GARP+",NA,NA
"ORB544_Lib2_010","ORB544_Lib2_010","ORB544_Lib2","STE00114_1005_H2F22CCX2","L002","N712","GTAGAGGA","S502","ATAGAGAG","false","Breast_Carcinoma","JORD","Tumor","CD3+_CD4+_CD25+_GARP+",NA,NA
"ORB544_Lib2_011","ORB544_Lib2_011","ORB544_Lib2","STE00114_1005_H2F22CCX2","L002","N714","GCTCATGA","S502","ATAGAGAG","false","Breast_Carcinoma","JORD","Tumor","CD3+_CD4+_CD25+_GARP+",NA,NA
"ORB544_Lib2_012","ORB544_Lib2_012","ORB544_Lib2","STE00114_1005_H2F22CCX2","L002","N715","ATCTCAGG","S502","ATAGAGAG","false","Breast_Carcinoma","JORD","Tumor","CD3+_CD4+_CD25+_GARP+",NA,NA
"ORB544_Lib2_013","ORB544_Lib2_013","ORB544_Lib2","STE00114_1005_H2F22CCX2","L002","N701","TAAGGCGA","S503","AGAGGATA","false","Breast_Carcinoma","JORD","Tumor","CD3+_CD4+_CD25+_GARP+",NA,NA
"ORB544_Lib2_014","ORB544_Lib2_014","ORB544_Lib2","STE00114_1005_H2F22CCX2","L002","N702","CGTACTAG","S503","AGAGGATA","false","Breast_Carcinoma","JORD","Tumor","CD3+_CD4+_CD25+_GARP+",NA,NA
"ORB544_Lib2_015","ORB544_Lib2_015","ORB544_Lib2","STE00114_1005_H2F22CCX2","L002","N703","AGGCAGAA","S503","AGAGGATA","false","Breast_Carcinoma","JORD","Tumor","CD3+_CD4+_CD25+_GARP+",NA,NA
"ORB544_Lib2_016","ORB544_Lib2_016","ORB544_Lib2","STE00114_1005_H2F22CCX2","L002","N704","TCCTGAGC","S503","AGAGGATA","false","Breast_Carcinoma","JORD","Tumor","CD3+_CD4+_CD25+_GARP+",NA,NA
"ORB544_Lib2_017","ORB544_Lib2_017","ORB544_Lib2","STE00114_1005_H2F22CCX2","L002","N705","GGACTCCT","S503","AGAGGATA","false","Breast_Carcinoma","JORD","Tumor","CD3+_CD4+_CD25+_GARP+",NA,NA
"ORB544_Lib2_018","ORB544_Lib2_018","ORB544_Lib2","STE00114_1005_H2F22CCX2","L002","N706","TAGGCATG","S503","AGAGGATA","false","Breast_Carcinoma","JORD","Tumor","CD3+_CD4+_CD25+_GARP+",NA,NA
"ORB544_Lib2_019","ORB544_Lib2_019","ORB544_Lib2","STE00114_1005_H2F22CCX2","L002","N707","CTCTCTAC","S503","AGAGGATA","false","Breast_Carcinoma","JORD","Tumor","CD3+_CD4+_CD25+_GARP+",NA,NA
"ORB544_Lib2_020","ORB544_Lib2_020","ORB544_Lib2","STE00114_1005_H2F22CCX2","L002","N710","CGAGGCTG","S503","AGAGGATA","false","Breast_Carcinoma","JORD","Tumor","CD3+_CD4+_CD25+_GARP+",NA,NA
"ORB544_Lib2_021","ORB544_Lib2_021","ORB544_Lib2","STE00114_1005_H2F22CCX2","L002","N711","AAGAGGCA","S503","AGAGGATA","false","Breast_Carcinoma","JORD","Tumor","CD3+_CD4+_CD25+_GARP+",NA,NA
"ORB544_Lib2_022","ORB544_Lib2_022","ORB544_Lib2","STE00114_1005_H2F22CCX2","L002","N712","GTAGAGGA","S503","AGAGGATA","false","Breast_Carcinoma","JORD","Tumor","CD3+_CD4+_CD25+_GARP+",NA,NA
"ORB544_Lib2_023","ORB544_Lib2_023","ORB544_Lib2","STE00114_1005_H2F22CCX2","L002","N714","GCTCATGA","S503","AGAGGATA","false","Breast_Carcinoma","JORD","Tumor","CD3+_CD4+_CD25+_GARP+",NA,NA
"ORB544_Lib2_024","ORB544_Lib2_024","ORB544_Lib2","STE00114_1005_H2F22CCX2","L002","N715","ATCTCAGG","S503","AGAGGATA","false","Breast_Carcinoma","JORD","Tumor","CD3+_CD4+_CD25+_GARP+",NA,NA
"ORB544_Lib2_025","ORB544_Lib2_025","ORB544_Lib2","STE00114_1005_H2F22CCX2","L002","N701","TAAGGCGA","S505","CTCCTTAC","false","Breast_Carcinoma","JORD","Tumor","CD3+_CD4+_CD25+_GARP+",NA,NA
"ORB544_Lib2_026","ORB544_Lib2_026","ORB544_Lib2","STE00114_1005_H2F22CCX2","L002","N702","CGTACTAG","S505","CTCCTTAC","false","Breast_Carcinoma","JORD","Tumor","CD3+_CD4+_CD25+_GARP+",NA,NA
"ORB544_Lib2_027","ORB544_Lib2_027","ORB544_Lib2","STE00114_1005_H2F22CCX2","L002","N703","AGGCAGAA","S505","CTCCTTAC","false","Breast_Carcinoma","JORD","Tumor","CD3+_CD4+_CD25+_GARP+",NA,NA
"ORB544_Lib2_028","ORB544_Lib2_028","ORB544_Lib2","STE00114_1005_H2F22CCX2","L002","N704","TCCTGAGC","S505","CTCCTTAC","false","Breast_Carcinoma","JORD","Tumor","CD3+_CD4+_CD25+_GARP+",NA,NA
"ORB544_Lib2_029","ORB544_Lib2_029","ORB544_Lib2","STE00114_1005_H2F22CCX2","L002","N705","GGACTCCT","S505","CTCCTTAC","false","Breast_Carcinoma","JORD","Tumor","CD3+_CD4+_CD25+_GARP+",NA,NA
"ORB544_Lib2_030","ORB544_Lib2_030","ORB544_Lib2","STE00114_1005_H2F22CCX2","L002","N706","TAGGCATG","S505","CTCCTTAC","false","Breast_Carcinoma","JORD","Tumor","CD3+_CD4+_CD25+_GARP+",NA,NA
"ORB544_Lib2_031","ORB544_Lib2_031","ORB544_Lib2","STE00114_1005_H2F22CCX2","L002","N707","CTCTCTAC","S505","CTCCTTAC","false","Breast_Carcinoma","JORD","Tumor","CD3+_CD4+_CD25+_GARP+",NA,NA
"ORB544_Lib2_032","ORB544_Lib2_032","ORB544_Lib2","STE00114_1005_H2F22CCX2","L002","N710","CGAGGCTG","S505","CTCCTTAC","false","Breast_Carcinoma","JORD","Tumor","CD3+_CD4+_CD25+_GARP+",NA,NA
"ORB544_Lib2_033","ORB544_Lib2_033","ORB544_Lib2","STE00114_1005_H2F22CCX2","L002","N711","AAGAGGCA","S505","CTCCTTAC","false","Breast_Carcinoma","JORD","Tumor","CD3+_CD4+_CD25+_GARP+",NA,NA
"ORB544_Lib2_034","ORB544_Lib2_034","ORB544_Lib2","STE00114_1005_H2F22CCX2","L002","N712","GTAGAGGA","S505","CTCCTTAC","false","Breast_Carcinoma","JORD","Tumor","CD3+_CD4+_CD25+_GARP+",NA,NA
"ORB544_Lib2_035","ORB544_Lib2_035","ORB544_Lib2","STE00114_1005_H2F22CCX2","L002","N714","GCTCATGA","S505","CTCCTTAC","false","Breast_Carcinoma","JORD","Tumor","CD3+_CD4+_CD25+_GARP+",NA,NA
"ORB544_Lib2_036","ORB544_Lib2_036","ORB544_Lib2","STE00114_1005_H2F22CCX2","L002","N715","ATCTCAGG","S505","CTCCTTAC","false","Breast_Carcinoma","JORD","Tumor","CD3+_CD4+_CD25+_GARP+",NA,NA
"ORB544_Lib2_037","ORB544_Lib2_037","ORB544_Lib2","STE00114_1005_H2F22CCX2","L002","N701","TAAGGCGA","S506","TATGCAGT","false","Breast_Carcinoma","JORD","Tumor","CD3+_CD4+_CD25+_GARP+",NA,NA
"ORB544_Lib2_038","ORB544_Lib2_038","ORB544_Lib2","STE00114_1005_H2F22CCX2","L002","N702","CGTACTAG","S506","TATGCAGT","false","Breast_Carcinoma","JORD","Tumor","CD3+_CD4+_CD25+_GARP+",NA,NA
"ORB544_Lib2_039","ORB544_Lib2_039","ORB544_Lib2","STE00114_1005_H2F22CCX2","L002","N703","AGGCAGAA","S506","TATGCAGT","false","Breast_Carcinoma","JORD","Tumor","CD3+_CD4+_CD25+_GARP+",NA,NA
"ORB544_Lib2_040","ORB544_Lib2_040","ORB544_Lib2","STE00114_1005_H2F22CCX2","L002","N704","TCCTGAGC","S506","TATGCAGT","false","Breast_Carcinoma","JORD","Tumor","CD3+_CD4+_CD25+_GARP+",NA,NA
"ORB544_Lib2_041","ORB544_Lib2_041","ORB544_Lib2","STE00114_1005_H2F22CCX2","L002","N705","GGACTCCT","S506","TATGCAGT","false","Breast_Carcinoma","JORD","Tumor","CD3+_CD4+_CD25+_GARP+",NA,NA
"ORB544_Lib2_042","ORB544_Lib2_042","ORB544_Lib2","STE00114_1005_H2F22CCX2","L002","N706","TAGGCATG","S506","TATGCAGT","false","Breast_Carcinoma","JORD","Tumor","CD3+_CD4+_CD25+_GARP+",NA,NA
"ORB544_Lib2_043","ORB544_Lib2_043","ORB544_Lib2","STE00114_1005_H2F22CCX2","L002","N707","CTCTCTAC","S506","TATGCAGT","false","Breast_Carcinoma","JORD","Tumor","CD3+_CD4+_CD25+_GARP+",NA,NA
"ORB544_Lib2_044","ORB544_Lib2_044","ORB544_Lib2","STE00114_1005_H2F22CCX2","L002","N710","CGAGGCTG","S506","TATGCAGT","false","Breast_Carcinoma","JORD","Tumor","CD3+_CD4+_CD25+_GARP+",NA,NA
"ORB544_Lib2_045","ORB544_Lib2_045","ORB544_Lib2","STE00114_1005_H2F22CCX2","L002","N711","AAGAGGCA","S506","TATGCAGT","false","Breast_Carcinoma","JORD","Tumor","CD3+_CD4+_CD25+_GARP+",NA,NA
"ORB544_Lib2_046","ORB544_Lib2_046","ORB544_Lib2","STE00114_1005_H2F22CCX2","L002","N712","GTAGAGGA","S506","TATGCAGT","false","Breast_Carcinoma","JORD","Tumor","CD3+_CD4+_CD25+_GARP+",NA,NA
"ORB544_Lib2_047","ORB544_Lib2_047","ORB544_Lib2","STE00114_1005_H2F22CCX2","L002","N714","GCTCATGA","S506","TATGCAGT","false","Breast_Carcinoma","JORD","Tumor","CD3+_CD4+_CD25+_GARP+",NA,NA
"ORB544_Lib2_048","ORB544_Lib2_048","ORB544_Lib2","STE00114_1005_H2F22CCX2","L002","N715","ATCTCAGG","S506","TATGCAGT","false","Breast_Carcinoma","JORD","Tumor","CD3+_CD4+_CD25+_GARP+",NA,NA
"ORB544_Lib2_049","ORB544_Lib2_049","ORB544_Lib2","STE00114_1005_H2F22CCX2","L002","N701","TAAGGCGA","S507","TACTCCTT","false","Breast_Carcinoma","JORD","Tumor","CD3+_CD4+_CD25+_GARP+",NA,NA
"ORB544_Lib2_050","ORB544_Lib2_050","ORB544_Lib2","STE00114_1005_H2F22CCX2","L002","N702","CGTACTAG","S507","TACTCCTT","false","Breast_Carcinoma","JORD","Tumor","CD3+_CD4+_CD25+_GARP+",NA,NA
"ORB544_Lib2_051","ORB544_Lib2_051","ORB544_Lib2","STE00114_1005_H2F22CCX2","L002","N703","AGGCAGAA","S507","TACTCCTT","false","Breast_Carcinoma","JORD","Tumor","CD3+_CD4+_CD25+_GARP+",NA,NA
"ORB544_Lib2_052","ORB544_Lib2_052","ORB544_Lib2","STE00114_1005_H2F22CCX2","L002","N704","TCCTGAGC","S507","TACTCCTT","false","Breast_Carcinoma","JORD","Tumor","CD3+_CD4+_CD25+_GARP+",NA,NA
"ORB544_Lib2_053","ORB544_Lib2_053","ORB544_Lib2","STE00114_1005_H2F22CCX2","L002","N705","GGACTCCT","S507","TACTCCTT","false","Breast_Carcinoma","JORD","Tumor","CD3+_CD4+_CD25+_GARP+",NA,NA
"ORB544_Lib2_054","ORB544_Lib2_054","ORB544_Lib2","STE00114_1005_H2F22CCX2","L002","N706","TAGGCATG","S507","TACTCCTT","false","Breast_Carcinoma","JORD","Tumor","CD3+_CD4+_CD25+_GARP+",NA,NA
"ORB544_Lib2_055","ORB544_Lib2_055","ORB544_Lib2","STE00114_1005_H2F22CCX2","L002","N707","CTCTCTAC","S507","TACTCCTT","false","Breast_Carcinoma","JORD","Tumor","CD3+_CD4+_CD25+_GARP+",NA,NA
"ORB544_Lib2_056","ORB544_Lib2_056","ORB544_Lib2","STE00114_1005_H2F22CCX2","L002","N710","CGAGGCTG","S507","TACTCCTT","false","Breast_Carcinoma","JORD","Tumor","CD3+_CD4+_CD25+_GARP+",NA,NA
"ORB544_Lib2_057","ORB544_Lib2_057","ORB544_Lib2","STE00114_1005_H2F22CCX2","L002","N711","AAGAGGCA","S507","TACTCCTT","false","Breast_Carcinoma","JORD","Tumor","CD3+_CD4+_CD25+_GARP+",NA,NA
"ORB544_Lib2_058","ORB544_Lib2_058","ORB544_Lib2","STE00114_1005_H2F22CCX2","L002","N712","GTAGAGGA","S507","TACTCCTT","false","Breast_Carcinoma","JORD","Tumor","CD3+_CD4+_CD25+_GARP+",NA,NA
"ORB544_Lib2_059","ORB544_Lib2_059","ORB544_Lib2","STE00114_1005_H2F22CCX2","L002","N714","GCTCATGA","S507","TACTCCTT","false","Breast_Carcinoma","JORD","Tumor","CD3+_CD4+_CD25+_GARP+",NA,NA
"ORB544_Lib2_060","ORB544_Lib2_060","ORB544_Lib2","STE00114_1005_H2F22CCX2","L002","N715","ATCTCAGG","S507","TACTCCTT","false","Breast_Carcinoma","JORD","Tumor","CD3+_CD4+_CD25+_GARP+",NA,NA
"ORB544_Lib2_061","ORB544_Lib2_061","ORB544_Lib2","STE00114_1005_H2F22CCX2","L002","N701","TAAGGCGA","S508","AGGCTTAG","false","Breast_Carcinoma","JORD","Tumor","CD3+_CD4+_CD25+_GARP+",NA,NA
"ORB544_Lib2_062","ORB544_Lib2_062","ORB544_Lib2","STE00114_1005_H2F22CCX2","L002","N702","CGTACTAG","S508","AGGCTTAG","false","Breast_Carcinoma","JORD","Tumor","CD3+_CD4+_CD25+_GARP+",NA,NA
"ORB544_Lib2_063","ORB544_Lib2_063","ORB544_Lib2","STE00114_1005_H2F22CCX2","L002","N703","AGGCAGAA","S508","AGGCTTAG","false","Breast_Carcinoma","JORD","Tumor","CD3+_CD4+_CD25+_GARP+",NA,NA
"ORB544_Lib2_064","ORB544_Lib2_064","ORB544_Lib2","STE00114_1005_H2F22CCX2","L002","N704","TCCTGAGC","S508","AGGCTTAG","false","Breast_Carcinoma","JORD","Tumor","CD3+_CD4+_CD25+_GARP+",NA,NA
"ORB544_Lib2_065","ORB544_Lib2_065","ORB544_Lib2","STE00114_1005_H2F22CCX2","L002","N705","GGACTCCT","S508","AGGCTTAG","false","Breast_Carcinoma","JORD","Tumor","CD3+_CD4+_CD25+_GARP+",NA,NA
"ORB544_Lib2_066","ORB544_Lib2_066","ORB544_Lib2","STE00114_1005_H2F22CCX2","L002","N706","TAGGCATG","S508","AGGCTTAG","false","Breast_Carcinoma","JORD","Tumor","CD3+_CD4+_CD25+_GARP+",NA,NA
"ORB544_Lib2_067","ORB544_Lib2_067","ORB544_Lib2","STE00114_1005_H2F22CCX2","L002","N707","CTCTCTAC","S508","AGGCTTAG","false","Breast_Carcinoma","JORD","Tumor","CD3+_CD4+_CD25+_GARP+",NA,NA
"ORB544_Lib2_068","ORB544_Lib2_068","ORB544_Lib2","STE00114_1005_H2F22CCX2","L002","N710","CGAGGCTG","S508","AGGCTTAG","false","Breast_Carcinoma","JORD","Tumor","CD3+_CD4+_CD25+_GARP+",NA,NA
"ORB544_Lib2_069","ORB544_Lib2_069","ORB544_Lib2","STE00114_1005_H2F22CCX2","L002","N711","AAGAGGCA","S508","AGGCTTAG","false","Breast_Carcinoma","JORD","Tumor","CD3+_CD4+_CD25+_GARP+",NA,NA
"ORB544_Lib2_070","ORB544_Lib2_070","ORB544_Lib2","STE00114_1005_H2F22CCX2","L002","N712","GTAGAGGA","S508","AGGCTTAG","false","Breast_Carcinoma","JORD","Tumor","CD3+_CD4+_CD25+_GARP+",NA,NA
"ORB544_Lib2_071","ORB544_Lib2_071","ORB544_Lib2","STE00114_1005_H2F22CCX2","L002","N714","GCTCATGA","S508","AGGCTTAG","false","Breast_Carcinoma","JORD","Tumor","CD3+_CD4+_CD25+_GARP+",NA,NA
"ORB544_Lib2_072","ORB544_Lib2_072","ORB544_Lib2","STE00114_1005_H2F22CCX2","L002","N715","ATCTCAGG","S508","AGGCTTAG","false","Breast_Carcinoma","JORD","Tumor","CD3+_CD4+_CD25+_GARP+",NA,NA
"ORB544_Lib1_001","ORB544_Lib1_001","ORB544_Lib1","STE00114_1005_H2F22CCX2","L001","N701","TAAGGCGA","S502","ATAGAGAG","false","Breast_Carcinoma","KYLO","Tumor","CD3+_CD4+_CD25+_GARP+",NA,NA
"ORB544_Lib1_002","ORB544_Lib1_002","ORB544_Lib1","STE00114_1005_H2F22CCX2","L001","N702","CGTACTAG","S502","ATAGAGAG","false","Breast_Carcinoma","KYLO","Tumor","CD3+_CD4+_CD25+_GARP+",NA,NA
"ORB544_Lib1_003","ORB544_Lib1_003","ORB544_Lib1","STE00114_1005_H2F22CCX2","L001","N703","AGGCAGAA","S502","ATAGAGAG","false","Breast_Carcinoma","KYLO","Tumor","CD3+_CD4+_CD25+_GARP+",NA,NA
"ORB544_Lib1_004","ORB544_Lib1_004","ORB544_Lib1","STE00114_1005_H2F22CCX2","L001","N704","TCCTGAGC","S502","ATAGAGAG","false","Breast_Carcinoma","KYLO","Tumor","CD3+_CD4+_CD25+_GARP+",NA,NA
"ORB544_Lib1_005","ORB544_Lib1_005","ORB544_Lib1","STE00114_1005_H2F22CCX2","L001","N705","GGACTCCT","S502","ATAGAGAG","false","Breast_Carcinoma","KYLO","Tumor","CD3+_CD4+_CD25+_GARP+",NA,NA
"ORB544_Lib1_006","ORB544_Lib1_006","ORB544_Lib1","STE00114_1005_H2F22CCX2","L001","N706","TAGGCATG","S502","ATAGAGAG","false","Breast_Carcinoma","KYLO","Tumor","CD3+_CD4+_CD25+_GARP+",NA,NA
"ORB544_Lib1_007","ORB544_Lib1_007","ORB544_Lib1","STE00114_1005_H2F22CCX2","L001","N707","CTCTCTAC","S502","ATAGAGAG","false","Breast_Carcinoma","KYLO","Tumor","CD3+_CD4+_CD25+_GARP+",NA,NA
"ORB544_Lib1_008","ORB544_Lib1_008","ORB544_Lib1","STE00114_1005_H2F22CCX2","L001","N710","CGAGGCTG","S502","ATAGAGAG","false","Breast_Carcinoma","KYLO","Tumor","CD3+_CD4+_CD25+_GARP+",NA,NA
"ORB544_Lib1_009","ORB544_Lib1_009","ORB544_Lib1","STE00114_1005_H2F22CCX2","L001","N711","AAGAGGCA","S502","ATAGAGAG","false","Breast_Carcinoma","KYLO","Tumor","CD3+_CD4+_CD25+_GARP+",NA,NA
"ORB544_Lib1_010","ORB544_Lib1_010","ORB544_Lib1","STE00114_1005_H2F22CCX2","L001","N712","GTAGAGGA","S502","ATAGAGAG","false","Breast_Carcinoma","KYLO","Tumor","CD3+_CD4+_CD25+_GARP+",NA,NA
"ORB544_Lib1_011","ORB544_Lib1_011","ORB544_Lib1","STE00114_1005_H2F22CCX2","L001","N714","GCTCATGA","S502","ATAGAGAG","false","Breast_Carcinoma","KYLO","Tumor","CD3+_CD4+_CD25+_GARP+",NA,NA
"ORB544_Lib1_012","ORB544_Lib1_012","ORB544_Lib1","STE00114_1005_H2F22CCX2","L001","N715","ATCTCAGG","S502","ATAGAGAG","false","Breast_Carcinoma","KYLO","Tumor","CD3+_CD4+_CD25+_GARP+",NA,NA
"ORB544_Lib1_013","ORB544_Lib1_013","ORB544_Lib1","STE00114_1005_H2F22CCX2","L001","N701","TAAGGCGA","S503","AGAGGATA","false","Breast_Carcinoma","KYLO","Tumor","CD3+_CD4+_CD25+_GARP+",NA,NA
"ORB544_Lib1_014","ORB544_Lib1_014","ORB544_Lib1","STE00114_1005_H2F22CCX2","L001","N702","CGTACTAG","S503","AGAGGATA","false","Breast_Carcinoma","KYLO","Tumor","CD3+_CD4+_CD25+_GARP+",NA,NA
"ORB544_Lib1_015","ORB544_Lib1_015","ORB544_Lib1","STE00114_1005_H2F22CCX2","L001","N703","AGGCAGAA","S503","AGAGGATA","false","Breast_Carcinoma","KYLO","Tumor","CD3+_CD4+_CD25+_GARP+",NA,NA
"ORB544_Lib1_016","ORB544_Lib1_016","ORB544_Lib1","STE00114_1005_H2F22CCX2","L001","N704","TCCTGAGC","S503","AGAGGATA","false","Breast_Carcinoma","KYLO","Tumor","CD3+_CD4+_CD25+_GARP+",NA,NA
"ORB544_Lib1_017","ORB544_Lib1_017","ORB544_Lib1","STE00114_1005_H2F22CCX2","L001","N705","GGACTCCT","S503","AGAGGATA","false","Breast_Carcinoma","KYLO","Tumor","CD3+_CD4+_CD25+_GARP+",NA,NA
"ORB544_Lib1_018","ORB544_Lib1_018","ORB544_Lib1","STE00114_1005_H2F22CCX2","L001","N706","TAGGCATG","S503","AGAGGATA","false","Breast_Carcinoma","KYLO","Tumor","CD3+_CD4+_CD25+_GARP+",NA,NA
"ORB544_Lib1_019","ORB544_Lib1_019","ORB544_Lib1","STE00114_1005_H2F22CCX2","L001","N707","CTCTCTAC","S503","AGAGGATA","false","Breast_Carcinoma","KYLO","Tumor","CD3+_CD4+_CD25+_GARP+",NA,NA
"ORB544_Lib1_020","ORB544_Lib1_020","ORB544_Lib1","STE00114_1005_H2F22CCX2","L001","N710","CGAGGCTG","S503","AGAGGATA","false","Breast_Carcinoma","KYLO","Tumor","CD3+_CD4+_CD25+_GARP+",NA,NA
"ORB544_Lib1_021","ORB544_Lib1_021","ORB544_Lib1","STE00114_1005_H2F22CCX2","L001","N711","AAGAGGCA","S503","AGAGGATA","false","Breast_Carcinoma","KYLO","Tumor","CD3+_CD4+_CD25+_GARP+",NA,NA
"ORB544_Lib1_022","ORB544_Lib1_022","ORB544_Lib1","STE00114_1005_H2F22CCX2","L001","N712","GTAGAGGA","S503","AGAGGATA","false","Breast_Carcinoma","KYLO","Tumor","CD3+_CD4+_CD25+_GARP+",NA,NA
"ORB544_Lib1_023","ORB544_Lib1_023","ORB544_Lib1","STE00114_1005_H2F22CCX2","L001","N714","GCTCATGA","S503","AGAGGATA","false","Breast_Carcinoma","KYLO","Tumor","CD3+_CD4+_CD25+_GARP+",NA,NA
"ORB544_Lib1_024","ORB544_Lib1_024","ORB544_Lib1","STE00114_1005_H2F22CCX2","L001","N715","ATCTCAGG","S503","AGAGGATA","false","Breast_Carcinoma","KYLO","Tumor","CD3+_CD4+_CD25+_GARP+",NA,NA
"ORB544_Lib1_025","ORB544_Lib1_025","ORB544_Lib1","STE00114_1005_H2F22CCX2","L001","N701","TAAGGCGA","S505","CTCCTTAC","false","Breast_Carcinoma","KYLO","Tumor","CD3+_CD4+_CD25+_GARP+",NA,NA
"ORB544_Lib1_026","ORB544_Lib1_026","ORB544_Lib1","STE00114_1005_H2F22CCX2","L001","N702","CGTACTAG","S505","CTCCTTAC","false","Breast_Carcinoma","KYLO","Tumor","CD3+_CD4+_CD25+_GARP+",NA,NA
"ORB544_Lib1_027","ORB544_Lib1_027","ORB544_Lib1","STE00114_1005_H2F22CCX2","L001","N703","AGGCAGAA","S505","CTCCTTAC","false","Breast_Carcinoma","KYLO","Tumor","CD3+_CD4+_CD25+_GARP+",NA,NA
"ORB544_Lib1_028","ORB544_Lib1_028","ORB544_Lib1","STE00114_1005_H2F22CCX2","L001","N704","TCCTGAGC","S505","CTCCTTAC","false","Breast_Carcinoma","KYLO","Tumor","CD3+_CD4+_CD25+_GARP+",NA,NA
"ORB544_Lib1_029","ORB544_Lib1_029","ORB544_Lib1","STE00114_1005_H2F22CCX2","L001","N705","GGACTCCT","S505","CTCCTTAC","false","Breast_Carcinoma","KYLO","Tumor","CD3+_CD4+_CD25+_GARP+",NA,NA
"ORB544_Lib1_030","ORB544_Lib1_030","ORB544_Lib1","STE00114_1005_H2F22CCX2","L001","N706","TAGGCATG","S505","CTCCTTAC","false","Breast_Carcinoma","KYLO","Tumor","CD3+_CD4+_CD25+_GARP+",NA,NA
"ORB544_Lib1_031","ORB544_Lib1_031","ORB544_Lib1","STE00114_1005_H2F22CCX2","L001","N707","CTCTCTAC","S505","CTCCTTAC","false","Breast_Carcinoma","KYLO","Tumor","CD3+_CD4+_CD25+_GARP+",NA,NA
"ORB544_Lib1_032","ORB544_Lib1_032","ORB544_Lib1","STE00114_1005_H2F22CCX2","L001","N710","CGAGGCTG","S505","CTCCTTAC","false","Breast_Carcinoma","KYLO","Tumor","CD3+_CD4+_CD25+_GARP+",NA,NA
"ORB544_Lib1_033","ORB544_Lib1_033","ORB544_Lib1","STE00114_1005_H2F22CCX2","L001","N711","AAGAGGCA","S505","CTCCTTAC","false","Breast_Carcinoma","KYLO","Tumor","CD3+_CD4+_CD25+_GARP+",NA,NA
"ORB544_Lib1_034","ORB544_Lib1_034","ORB544_Lib1","STE00114_1005_H2F22CCX2","L001","N712","GTAGAGGA","S505","CTCCTTAC","false","Breast_Carcinoma","KYLO","Tumor","CD3+_CD4+_CD25+_GARP+",NA,NA
"ORB544_Lib1_035","ORB544_Lib1_035","ORB544_Lib1","STE00114_1005_H2F22CCX2","L001","N714","GCTCATGA","S505","CTCCTTAC","false","Breast_Carcinoma","KYLO","Tumor","CD3+_CD4+_CD25+_GARP+",NA,NA
"ORB544_Lib1_036","ORB544_Lib1_036","ORB544_Lib1","STE00114_1005_H2F22CCX2","L001","N715","ATCTCAGG","S505","CTCCTTAC","false","Breast_Carcinoma","KYLO","Tumor","CD3+_CD4+_CD25+_GARP+",NA,NA
"ORB544_Lib1_037","ORB544_Lib1_037","ORB544_Lib1","STE00114_1005_H2F22CCX2","L001","N701","TAAGGCGA","S506","TATGCAGT","false","Breast_Carcinoma","KYLO","Tumor","CD3+_CD4+_CD25+_GARP+",NA,NA
"ORB544_Lib1_038","ORB544_Lib1_038","ORB544_Lib1","STE00114_1005_H2F22CCX2","L001","N702","CGTACTAG","S506","TATGCAGT","false","Breast_Carcinoma","KYLO","Tumor","CD3+_CD4+_CD25+_GARP+",NA,NA
"ORB544_Lib1_039","ORB544_Lib1_039","ORB544_Lib1","STE00114_1005_H2F22CCX2","L001","N703","AGGCAGAA","S506","TATGCAGT","false","Breast_Carcinoma","KYLO","Tumor","CD3+_CD4+_CD25+_GARP+",NA,NA
"ORB544_Lib1_040","ORB544_Lib1_040","ORB544_Lib1","STE00114_1005_H2F22CCX2","L001","N704","TCCTGAGC","S506","TATGCAGT","false","Breast_Carcinoma","KYLO","Tumor","CD3+_CD4+_CD25+_GARP+",NA,NA
"ORB544_Lib1_041","ORB544_Lib1_041","ORB544_Lib1","STE00114_1005_H2F22CCX2","L001","N705","GGACTCCT","S506","TATGCAGT","false","Breast_Carcinoma","KYLO","Tumor","CD3+_CD4+_CD25+_GARP+",NA,NA
"ORB544_Lib1_042","ORB544_Lib1_042","ORB544_Lib1","STE00114_1005_H2F22CCX2","L001","N706","TAGGCATG","S506","TATGCAGT","false","Breast_Carcinoma","KYLO","Tumor","CD3+_CD4+_CD25+_GARP+",NA,NA
"ORB544_Lib1_043","ORB544_Lib1_043","ORB544_Lib1","STE00114_1005_H2F22CCX2","L001","N707","CTCTCTAC","S506","TATGCAGT","false","Breast_Carcinoma","KYLO","Tumor","CD3+_CD4+_CD25+_GARP+",NA,NA
"ORB544_Lib1_044","ORB544_Lib1_044","ORB544_Lib1","STE00114_1005_H2F22CCX2","L001","N710","CGAGGCTG","S506","TATGCAGT","false","Breast_Carcinoma","KYLO","Tumor","CD3+_CD4+_CD25+_GARP+",NA,NA
"ORB544_Lib1_045","ORB544_Lib1_045","ORB544_Lib1","STE00114_1005_H2F22CCX2","L001","N711","AAGAGGCA","S506","TATGCAGT","false","Breast_Carcinoma","KYLO","Tumor","CD3+_CD4+_CD25+_GARP+",NA,NA
"ORB544_Lib1_046","ORB544_Lib1_046","ORB544_Lib1","STE00114_1005_H2F22CCX2","L001","N712","GTAGAGGA","S506","TATGCAGT","false","Breast_Carcinoma","KYLO","Tumor","CD3+_CD4+_CD25+_GARP+",NA,NA
"ORB544_Lib1_047","ORB544_Lib1_047","ORB544_Lib1","STE00114_1005_H2F22CCX2","L001","N714","GCTCATGA","S506","TATGCAGT","false","Breast_Carcinoma","KYLO","Tumor","CD3+_CD4+_CD25+_GARP+",NA,NA
"ORB544_Lib1_048","ORB544_Lib1_048","ORB544_Lib1","STE00114_1005_H2F22CCX2","L001","N715","ATCTCAGG","S506","TATGCAGT","false","Breast_Carcinoma","KYLO","Tumor","CD3+_CD4+_CD25+_GARP+",NA,NA
"ORB544_Lib1_049","ORB544_Lib1_049","ORB544_Lib1","STE00114_1005_H2F22CCX2","L001","N701","TAAGGCGA","S507","TACTCCTT","false","Breast_Carcinoma","KYLO","Tumor","CD3+_CD4+_CD25+_GARP+",NA,NA
"ORB544_Lib1_050","ORB544_Lib1_050","ORB544_Lib1","STE00114_1005_H2F22CCX2","L001","N702","CGTACTAG","S507","TACTCCTT","false","Breast_Carcinoma","KYLO","Tumor","CD3+_CD4+_CD25+_GARP+",NA,NA
"ORB544_Lib1_051","ORB544_Lib1_051","ORB544_Lib1","STE00114_1005_H2F22CCX2","L001","N703","AGGCAGAA","S507","TACTCCTT","false","Breast_Carcinoma","KYLO","Tumor","CD3+_CD4+_CD25+_GARP+",NA,NA
"ORB544_Lib1_052","ORB544_Lib1_052","ORB544_Lib1","STE00114_1005_H2F22CCX2","L001","N704","TCCTGAGC","S507","TACTCCTT","false","Breast_Carcinoma","KYLO","Tumor","CD3+_CD4+_CD25+_GARP+",NA,NA
"ORB544_Lib1_053","ORB544_Lib1_053","ORB544_Lib1","STE00114_1005_H2F22CCX2","L001","N705","GGACTCCT","S507","TACTCCTT","false","Breast_Carcinoma","KYLO","Tumor","CD3+_CD4+_CD25+_GARP+",NA,NA
"ORB544_Lib1_054","ORB544_Lib1_054","ORB544_Lib1","STE00114_1005_H2F22CCX2","L001","N706","TAGGCATG","S507","TACTCCTT","false","Breast_Carcinoma","KYLO","Tumor","CD3+_CD4+_CD25+_GARP+",NA,NA
"ORB544_Lib1_055","ORB544_Lib1_055","ORB544_Lib1","STE00114_1005_H2F22CCX2","L001","N707","CTCTCTAC","S507","TACTCCTT","false","Breast_Carcinoma","KYLO","Tumor","CD3+_CD4+_CD25+_GARP+",NA,NA
"ORB544_Lib1_056","ORB544_Lib1_056","ORB544_Lib1","STE00114_1005_H2F22CCX2","L001","N710","CGAGGCTG","S507","TACTCCTT","false","Breast_Carcinoma","KYLO","Tumor","CD3+_CD4+_CD25+_GARP+",NA,NA
"ORB544_Lib1_057","ORB544_Lib1_057","ORB544_Lib1","STE00114_1005_H2F22CCX2","L001","N711","AAGAGGCA","S507","TACTCCTT","false","Breast_Carcinoma","KYLO","Tumor","CD3+_CD4+_CD25+_GARP+",NA,NA
"ORB544_Lib1_058","ORB544_Lib1_058","ORB544_Lib1","STE00114_1005_H2F22CCX2","L001","N712","GTAGAGGA","S507","TACTCCTT","false","Breast_Carcinoma","KYLO","Tumor","CD3+_CD4+_CD25+_GARP+",NA,NA
"ORB544_Lib1_059","ORB544_Lib1_059","ORB544_Lib1","STE00114_1005_H2F22CCX2","L001","N714","GCTCATGA","S507","TACTCCTT","false","Breast_Carcinoma","KYLO","Tumor","CD3+_CD4+_CD25+_GARP+",NA,NA
"ORB544_Lib1_060","ORB544_Lib1_060","ORB544_Lib1","STE00114_1005_H2F22CCX2","L001","N715","ATCTCAGG","S507","TACTCCTT","false","Breast_Carcinoma","KYLO","Tumor","CD3+_CD4+_CD25+_GARP+",NA,NA
"ORB544_Lib1_061","ORB544_Lib1_061","ORB544_Lib1","STE00114_1005_H2F22CCX2","L001","N701","TAAGGCGA","S508","AGGCTTAG","false","Breast_Carcinoma","KYLO","Tumor","CD3+_CD4+_CD25+_GARP+",NA,NA
"ORB544_Lib1_062","ORB544_Lib1_062","ORB544_Lib1","STE00114_1005_H2F22CCX2","L001","N702","CGTACTAG","S508","AGGCTTAG","false","Breast_Carcinoma","KYLO","Tumor","CD3+_CD4+_CD25+_GARP+",NA,NA
"ORB544_Lib1_063","ORB544_Lib1_063","ORB544_Lib1","STE00114_1005_H2F22CCX2","L001","N703","AGGCAGAA","S508","AGGCTTAG","false","Breast_Carcinoma","KYLO","Tumor","CD3+_CD4+_CD25+_GARP+",NA,NA
"ORB544_Lib1_064","ORB544_Lib1_064","ORB544_Lib1","STE00114_1005_H2F22CCX2","L001","N704","TCCTGAGC","S508","AGGCTTAG","false","Breast_Carcinoma","KYLO","Tumor","CD3+_CD4+_CD25+_GARP+",NA,NA
"ORB544_Lib1_065","ORB544_Lib1_065","ORB544_Lib1","STE00114_1005_H2F22CCX2","L001","N705","GGACTCCT","S508","AGGCTTAG","false","Breast_Carcinoma","KYLO","Tumor","CD3+_CD4+_CD25+_GARP+",NA,NA
"ORB544_Lib1_066","ORB544_Lib1_066","ORB544_Lib1","STE00114_1005_H2F22CCX2","L001","N706","TAGGCATG","S508","AGGCTTAG","false","Breast_Carcinoma","KYLO","Tumor","CD3+_CD4+_CD25+_GARP+",NA,NA
"ORB544_Lib1_067","ORB544_Lib1_067","ORB544_Lib1","STE00114_1005_H2F22CCX2","L001","N707","CTCTCTAC","S508","AGGCTTAG","false","Breast_Carcinoma","KYLO","Tumor","CD3+_CD4+_CD25+_GARP+",NA,NA
"ORB544_Lib1_068","ORB544_Lib1_068","ORB544_Lib1","STE00114_1005_H2F22CCX2","L001","N710","CGAGGCTG","S508","AGGCTTAG","false","Breast_Carcinoma","KYLO","Tumor","CD3+_CD4+_CD25+_GARP+",NA,NA
"ORB544_Lib1_069","ORB544_Lib1_069","ORB544_Lib1","STE00114_1005_H2F22CCX2","L001","N711","AAGAGGCA","S508","AGGCTTAG","false","Breast_Carcinoma","KYLO","Tumor","CD3+_CD4+_CD25+_GARP+",NA,NA
"ORB544_Lib1_070","ORB544_Lib1_070","ORB544_Lib1","STE00114_1005_H2F22CCX2","L001","N712","GTAGAGGA","S508","AGGCTTAG","false","Breast_Carcinoma","KYLO","Tumor","CD3+_CD4+_CD25+_GARP+",NA,NA
"ORB544_Lib1_071","ORB544_Lib1_071","ORB544_Lib1","STE00114_1005_H2F22CCX2","L001","N714","GCTCATGA","S508","AGGCTTAG","false","Breast_Carcinoma","KYLO","Tumor","CD3+_CD4+_CD25+_GARP+",NA,NA
"ORB544_Lib1_072","ORB544_Lib1_072","ORB544_Lib1","STE00114_1005_H2F22CCX2","L001","N715","ATCTCAGG","S508","AGGCTTAG","false","Breast_Carcinoma","KYLO","Tumor","CD3+_CD4+_CD25+_GARP+",NA,NA
"ORB544_Lib1_073","ORB544_Lib1_073","ORB544_Lib1","STE00114_1005_H2F22CCX2","L001","N701","TAAGGCGA","S510","ATTAGACG","false","Breast_Carcinoma","KYLO","Tumor","CD3+_CD4+_CD25+_GARP+",NA,NA
"ORB544_Lib1_074","ORB544_Lib1_074","ORB544_Lib1","STE00114_1005_H2F22CCX2","L001","N702","CGTACTAG","S510","ATTAGACG","false","Breast_Carcinoma","KYLO","Tumor","CD3+_CD4+_CD25+_GARP+",NA,NA
"ORB544_Lib1_075","ORB544_Lib1_075","ORB544_Lib1","STE00114_1005_H2F22CCX2","L001","N703","AGGCAGAA","S510","ATTAGACG","false","Breast_Carcinoma","KYLO","Tumor","CD3+_CD4+_CD25+_GARP+",NA,NA
"ORB544_Lib1_076","ORB544_Lib1_076","ORB544_Lib1","STE00114_1005_H2F22CCX2","L001","N704","TCCTGAGC","S510","ATTAGACG","false","Breast_Carcinoma","KYLO","Tumor","CD3+_CD4+_CD25+_GARP+",NA,NA
"ORB544_Lib1_077","ORB544_Lib1_077","ORB544_Lib1","STE00114_1005_H2F22CCX2","L001","N705","GGACTCCT","S510","ATTAGACG","false","Breast_Carcinoma","KYLO","Tumor","CD3+_CD4+_CD25+_GARP+",NA,NA
"ORB544_Lib1_078","ORB544_Lib1_078","ORB544_Lib1","STE00114_1005_H2F22CCX2","L001","N706","TAGGCATG","S510","ATTAGACG","false","Breast_Carcinoma","KYLO","Tumor","CD3+_CD4+_CD25+_GARP+",NA,NA
"ORB544_Lib1_079","ORB544_Lib1_079","ORB544_Lib1","STE00114_1005_H2F22CCX2","L001","N707","CTCTCTAC","S510","ATTAGACG","false","Breast_Carcinoma","KYLO","Tumor","CD3+_CD4+_CD25+_GARP+",NA,NA
"ORB544_Lib1_080","ORB544_Lib1_080","ORB544_Lib1","STE00114_1005_H2F22CCX2","L001","N710","CGAGGCTG","S510","ATTAGACG","false","Breast_Carcinoma","KYLO","Tumor","CD3+_CD4+_CD25+_GARP+",NA,NA
"ORB544_Lib1_081","ORB544_Lib1_081","ORB544_Lib1","STE00114_1005_H2F22CCX2","L001","N711","AAGAGGCA","S510","ATTAGACG","false","Breast_Carcinoma","KYLO","Tumor","CD3+_CD4+_CD25+_GARP+",NA,NA
"ORB544_Lib1_082","ORB544_Lib1_082","ORB544_Lib1","STE00114_1005_H2F22CCX2","L001","N712","GTAGAGGA","S510","ATTAGACG","false","Breast_Carcinoma","KYLO","Tumor","CD3+_CD4+_CD25+_GARP+",NA,NA
"ORB544_Lib1_083","ORB544_Lib1_083","ORB544_Lib1","STE00114_1005_H2F22CCX2","L001","N714","GCTCATGA","S510","ATTAGACG","false","Breast_Carcinoma","KYLO","Tumor","CD3+_CD4+_CD25+_GARP+",NA,NA
"ORB544_Lib1_084","ORB544_Lib1_084","ORB544_Lib1","STE00114_1005_H2F22CCX2","L001","N715","ATCTCAGG","S510","ATTAGACG","false","Breast_Carcinoma","KYLO","Tumor","CD3+_CD4+_CD25+_GARP+",NA,NA
"ORB544_Lib1_085","ORB544_Lib1_085","ORB544_Lib1","STE00114_1005_H2F22CCX2","L001","N701","TAAGGCGA","S511","CGGAGAGA","false","Breast_Carcinoma","KYLO","Tumor","CD3+_CD4+_CD25+_GARP+",NA,NA
"ORB544_Lib1_086","ORB544_Lib1_086","ORB544_Lib1","STE00114_1005_H2F22CCX2","L001","N702","CGTACTAG","S511","CGGAGAGA","false","Breast_Carcinoma","KYLO","Tumor","CD3+_CD4+_CD25+_GARP+",NA,NA
"ORB544_Lib1_087","ORB544_Lib1_087","ORB544_Lib1","STE00114_1005_H2F22CCX2","L001","N703","AGGCAGAA","S511","CGGAGAGA","false","Breast_Carcinoma","KYLO","Tumor","CD3+_CD4+_CD25+_GARP+",NA,NA
"ORB544_Lib1_088","ORB544_Lib1_088","ORB544_Lib1","STE00114_1005_H2F22CCX2","L001","N704","TCCTGAGC","S511","CGGAGAGA","false","Breast_Carcinoma","KYLO","Tumor","CD3+_CD4+_CD25+_GARP+",NA,NA
"ORB544_Lib1_089","ORB544_Lib1_089","ORB544_Lib1","STE00114_1005_H2F22CCX2","L001","N705","GGACTCCT","S511","CGGAGAGA","false","Breast_Carcinoma","KYLO","Tumor","CD3+_CD4+_CD25+_GARP+",NA,NA
"ORB544_Lib1_090","ORB544_Lib1_090","ORB544_Lib1","STE00114_1005_H2F22CCX2","L001","N706","TAGGCATG","S511","CGGAGAGA","false","Breast_Carcinoma","KYLO","Tumor","CD3+_CD4+_CD25+_GARP+",NA,NA
"ORB544_Lib1_091","ORB544_Lib1_091","ORB544_Lib1","STE00114_1005_H2F22CCX2","L001","N707","CTCTCTAC","S511","CGGAGAGA","false","Breast_Carcinoma","KYLO","Tumor","CD3+_CD4+_CD25+_GARP+",NA,NA
"ORB544_Lib1_092","ORB544_Lib1_092","ORB544_Lib1","STE00114_1005_H2F22CCX2","L001","N710","CGAGGCTG","S511","CGGAGAGA","false","Breast_Carcinoma","KYLO","Tumor","CD3+_CD4+_CD25+_GARP+",NA,NA
"ORB544_Lib1_093","ORB544_Lib1_093","ORB544_Lib1","STE00114_1005_H2F22CCX2","L001","N711","AAGAGGCA","S511","CGGAGAGA","false","Breast_Carcinoma","KYLO","Tumor","CD3+_CD4+_CD25+_GARP+",NA,NA
"ORB544_Lib1_094","ORB544_Lib1_094","ORB544_Lib1","STE00114_1005_H2F22CCX2","L001","N712","GTAGAGGA","S511","CGGAGAGA","false","Breast_Carcinoma","KYLO","Tumor","CD3+_CD4+_CD25+_GARP+",NA,NA
"ORB544_Lib1_095","ORB544_Lib1_095","ORB544_Lib1","STE00114_1005_H2F22CCX2","L001","N714","GCTCATGA","S511","CGGAGAGA","false","Breast_Carcinoma","KYLO","Tumor","CD3+_CD4+_CD25+_GARP+",NA,NA
"ORB544_Lib1_096","ORB544_Lib1_096","ORB544_Lib1","STE00114_1005_H2F22CCX2","L001","N715","ATCTCAGG","S511","CGGAGAGA","false","Breast_Carcinoma","KYLO","Tumor","CD3+_CD4+_CD25+_GARP+",NA,NA
"ORB544_Lib1_193","ORB544_Lib1_193","ORB544_Lib1","STE00114_1005_H2F22CCX2","L001","N701","TAAGGCGA","S513","CTAGTCGA","false","Breast_Carcinoma","KYLO","Tumor","CD3+_CD4+_CD25+_GARP+",NA,NA
"ORB544_Lib1_194","ORB544_Lib1_194","ORB544_Lib1","STE00114_1005_H2F22CCX2","L001","N702","CGTACTAG","S513","CTAGTCGA","false","Breast_Carcinoma","KYLO","Tumor","CD3+_CD4+_CD25+_GARP+",NA,NA
"ORB544_Lib1_195","ORB544_Lib1_195","ORB544_Lib1","STE00114_1005_H2F22CCX2","L001","N703","AGGCAGAA","S513","CTAGTCGA","false","Breast_Carcinoma","KYLO","Tumor","CD3+_CD4+_CD25+_GARP+",NA,NA
"ORB544_Lib1_196","ORB544_Lib1_196","ORB544_Lib1","STE00114_1005_H2F22CCX2","L001","N704","TCCTGAGC","S513","CTAGTCGA","false","Breast_Carcinoma","KYLO","Tumor","CD3+_CD4+_CD25+_GARP+",NA,NA
"ORB544_Lib1_197","ORB544_Lib1_197","ORB544_Lib1","STE00114_1005_H2F22CCX2","L001","N705","GGACTCCT","S513","CTAGTCGA","false","Breast_Carcinoma","KYLO","Tumor","CD3+_CD4+_CD25+_GARP+",NA,NA
"ORB544_Lib1_198","ORB544_Lib1_198","ORB544_Lib1","STE00114_1005_H2F22CCX2","L001","N706","TAGGCATG","S513","CTAGTCGA","false","Breast_Carcinoma","KYLO","Tumor","CD3+_CD4+_CD25+_GARP+",NA,NA
"ORB544_Lib1_199","ORB544_Lib1_199","ORB544_Lib1","STE00114_1005_H2F22CCX2","L001","N707","CTCTCTAC","S513","CTAGTCGA","false","Breast_Carcinoma","KYLO","Tumor","CD3+_CD4+_CD25+_GARP+",NA,NA
"ORB544_Lib1_200","ORB544_Lib1_200","ORB544_Lib1","STE00114_1005_H2F22CCX2","L001","N710","CGAGGCTG","S513","CTAGTCGA","false","Breast_Carcinoma","KYLO","Tumor","CD3+_CD4+_CD25+_GARP+",NA,NA
"ORB544_Lib1_201","ORB544_Lib1_201","ORB544_Lib1","STE00114_1005_H2F22CCX2","L001","N711","AAGAGGCA","S513","CTAGTCGA","false","Breast_Carcinoma","KYLO","Tumor","CD3+_CD4+_CD25+_GARP+",NA,NA
"ORB544_Lib1_202","ORB544_Lib1_202","ORB544_Lib1","STE00114_1005_H2F22CCX2","L001","N712","GTAGAGGA","S513","CTAGTCGA","false","Breast_Carcinoma","KYLO","Tumor","CD3+_CD4+_CD25+_GARP+",NA,NA
"ORB544_Lib1_203","ORB544_Lib1_203","ORB544_Lib1","STE00114_1005_H2F22CCX2","L001","N714","GCTCATGA","S513","CTAGTCGA","false","Breast_Carcinoma","KYLO","Tumor","CD3+_CD4+_CD25+_GARP+",NA,NA
"ORB544_Lib1_204","ORB544_Lib1_204","ORB544_Lib1","STE00114_1005_H2F22CCX2","L001","N715","ATCTCAGG","S513","CTAGTCGA","false","Breast_Carcinoma","KYLO","Tumor","CD3+_CD4+_CD25+_GARP+",NA,NA
"ORB544_Lib1_205","ORB544_Lib1_205","ORB544_Lib1","STE00114_1005_H2F22CCX2","L001","N701","TAAGGCGA","S515","AGCTAGAA","false","Breast_Carcinoma","KYLO","Tumor","CD3+_CD4+_CD25+_GARP+",NA,NA
"ORB544_Lib1_206","ORB544_Lib1_206","ORB544_Lib1","STE00114_1005_H2F22CCX2","L001","N702","CGTACTAG","S515","AGCTAGAA","false","Breast_Carcinoma","KYLO","Tumor","CD3+_CD4+_CD25+_GARP+",NA,NA
"ORB544_Lib1_207","ORB544_Lib1_207","ORB544_Lib1","STE00114_1005_H2F22CCX2","L001","N703","AGGCAGAA","S515","AGCTAGAA","false","Breast_Carcinoma","KYLO","Tumor","CD3+_CD4+_CD25+_GARP+",NA,NA
"ORB544_Lib1_208","ORB544_Lib1_208","ORB544_Lib1","STE00114_1005_H2F22CCX2","L001","N704","TCCTGAGC","S515","AGCTAGAA","false","Breast_Carcinoma","KYLO","Tumor","CD3+_CD4+_CD25+_GARP+",NA,NA
"ORB544_Lib1_209","ORB544_Lib1_209","ORB544_Lib1","STE00114_1005_H2F22CCX2","L001","N705","GGACTCCT","S515","AGCTAGAA","false","Breast_Carcinoma","KYLO","Tumor","CD3+_CD4+_CD25+_GARP+",NA,NA
"ORB544_Lib1_210","ORB544_Lib1_210","ORB544_Lib1","STE00114_1005_H2F22CCX2","L001","N706","TAGGCATG","S515","AGCTAGAA","false","Breast_Carcinoma","KYLO","Tumor","CD3+_CD4+_CD25+_GARP+",NA,NA
"ORB544_Lib1_211","ORB544_Lib1_211","ORB544_Lib1","STE00114_1005_H2F22CCX2","L001","N707","CTCTCTAC","S515","AGCTAGAA","false","Breast_Carcinoma","KYLO","Tumor","CD3+_CD4+_CD25+_GARP+",NA,NA
"ORB544_Lib1_212","ORB544_Lib1_212","ORB544_Lib1","STE00114_1005_H2F22CCX2","L001","N710","CGAGGCTG","S515","AGCTAGAA","false","Breast_Carcinoma","KYLO","Tumor","CD3+_CD4+_CD25+_GARP+",NA,NA
"ORB544_Lib1_213","ORB544_Lib1_213","ORB544_Lib1","STE00114_1005_H2F22CCX2","L001","N711","AAGAGGCA","S515","AGCTAGAA","false","Breast_Carcinoma","KYLO","Tumor","CD3+_CD4+_CD25+_GARP+",NA,NA
"ORB544_Lib1_214","ORB544_Lib1_214","ORB544_Lib1","STE00114_1005_H2F22CCX2","L001","N712","GTAGAGGA","S515","AGCTAGAA","false","Breast_Carcinoma","KYLO","Tumor","CD3+_CD4+_CD25+_GARP+",NA,NA
"ORB544_Lib1_215","ORB544_Lib1_215","ORB544_Lib1","STE00114_1005_H2F22CCX2","L001","N714","GCTCATGA","S515","AGCTAGAA","false","Breast_Carcinoma","KYLO","Tumor","CD3+_CD4+_CD25+_GARP+",NA,NA
"ORB544_Lib1_216","ORB544_Lib1_216","ORB544_Lib1","STE00114_1005_H2F22CCX2","L001","N715","ATCTCAGG","S515","AGCTAGAA","false","Breast_Carcinoma","KYLO","Tumor","CD3+_CD4+_CD25+_GARP+",NA,NA
"ORB544_Lib1_217","ORB544_Lib1_217","ORB544_Lib1","STE00114_1005_H2F22CCX2","L001","N701","TAAGGCGA","S516","ACTCTAGG","false","Breast_Carcinoma","KYLO","Tumor","CD3+_CD4+_CD25+_GARP+",NA,NA
"ORB544_Lib1_218","ORB544_Lib1_218","ORB544_Lib1","STE00114_1005_H2F22CCX2","L001","N702","CGTACTAG","S516","ACTCTAGG","false","Breast_Carcinoma","KYLO","Tumor","CD3+_CD4+_CD25+_GARP+",NA,NA
"ORB544_Lib1_219","ORB544_Lib1_219","ORB544_Lib1","STE00114_1005_H2F22CCX2","L001","N703","AGGCAGAA","S516","ACTCTAGG","false","Breast_Carcinoma","KYLO","Tumor","CD3+_CD4+_CD25+_GARP+",NA,NA
"ORB544_Lib1_220","ORB544_Lib1_220","ORB544_Lib1","STE00114_1005_H2F22CCX2","L001","N704","TCCTGAGC","S516","ACTCTAGG","false","Breast_Carcinoma","KYLO","Tumor","CD3+_CD4+_CD25+_GARP+",NA,NA
"ORB544_Lib1_221","ORB544_Lib1_221","ORB544_Lib1","STE00114_1005_H2F22CCX2","L001","N705","GGACTCCT","S516","ACTCTAGG","false","Breast_Carcinoma","KYLO","Tumor","CD3+_CD4+_CD25+_GARP+",NA,NA
"ORB544_Lib1_222","ORB544_Lib1_222","ORB544_Lib1","STE00114_1005_H2F22CCX2","L001","N706","TAGGCATG","S516","ACTCTAGG","false","Breast_Carcinoma","KYLO","Tumor","CD3+_CD4+_CD25+_GARP+",NA,NA
"ORB544_Lib1_223","ORB544_Lib1_223","ORB544_Lib1","STE00114_1005_H2F22CCX2","L001","N707","CTCTCTAC","S516","ACTCTAGG","false","Breast_Carcinoma","KYLO","Tumor","CD3+_CD4+_CD25+_GARP+",NA,NA
"ORB544_Lib1_224","ORB544_Lib1_224","ORB544_Lib1","STE00114_1005_H2F22CCX2","L001","N710","CGAGGCTG","S516","ACTCTAGG","false","Breast_Carcinoma","KYLO","Tumor","CD3+_CD4+_CD25+_GARP+",NA,NA
"ORB544_Lib1_225","ORB544_Lib1_225","ORB544_Lib1","STE00114_1005_H2F22CCX2","L001","N711","AAGAGGCA","S516","ACTCTAGG","false","Breast_Carcinoma","KYLO","Tumor","CD3+_CD4+_CD25+_GARP+",NA,NA
"ORB544_Lib1_226","ORB544_Lib1_226","ORB544_Lib1","STE00114_1005_H2F22CCX2","L001","N712","GTAGAGGA","S516","ACTCTAGG","false","Breast_Carcinoma","KYLO","Tumor","CD3+_CD4+_CD25+_GARP+",NA,NA
"ORB544_Lib1_227","ORB544_Lib1_227","ORB544_Lib1","STE00114_1005_H2F22CCX2","L001","N714","GCTCATGA","S516","ACTCTAGG","false","Breast_Carcinoma","KYLO","Tumor","CD3+_CD4+_CD25+_GARP+",NA,NA
"ORB544_Lib1_228","ORB544_Lib1_228","ORB544_Lib1","STE00114_1005_H2F22CCX2","L001","N715","ATCTCAGG","S516","ACTCTAGG","false","Breast_Carcinoma","KYLO","Tumor","CD3+_CD4+_CD25+_GARP+",NA,NA
"ORB544_Lib1_229","ORB544_Lib1_229","ORB544_Lib1","STE00114_1005_H2F22CCX2","L001","N701","TAAGGCGA","S517","TCTTACGC","false","Breast_Carcinoma","KYLO","Tumor","CD3+_CD4+_CD25+_GARP+",NA,NA
"ORB544_Lib1_230","ORB544_Lib1_230","ORB544_Lib1","STE00114_1005_H2F22CCX2","L001","N702","CGTACTAG","S517","TCTTACGC","false","Breast_Carcinoma","KYLO","Tumor","CD3+_CD4+_CD25+_GARP+",NA,NA
"ORB544_Lib1_231","ORB544_Lib1_231","ORB544_Lib1","STE00114_1005_H2F22CCX2","L001","N703","AGGCAGAA","S517","TCTTACGC","false","Breast_Carcinoma","KYLO","Tumor","CD3+_CD4+_CD25+_GARP+",NA,NA
"ORB544_Lib1_232","ORB544_Lib1_232","ORB544_Lib1","STE00114_1005_H2F22CCX2","L001","N704","TCCTGAGC","S517","TCTTACGC","false","Breast_Carcinoma","KYLO","Tumor","CD3+_CD4+_CD25+_GARP+",NA,NA
"ORB544_Lib1_233","ORB544_Lib1_233","ORB544_Lib1","STE00114_1005_H2F22CCX2","L001","N705","GGACTCCT","S517","TCTTACGC","false","Breast_Carcinoma","KYLO","Tumor","CD3+_CD4+_CD25+_GARP+",NA,NA
"ORB544_Lib1_234","ORB544_Lib1_234","ORB544_Lib1","STE00114_1005_H2F22CCX2","L001","N706","TAGGCATG","S517","TCTTACGC","false","Breast_Carcinoma","KYLO","Tumor","CD3+_CD4+_CD25+_GARP+",NA,NA
"ORB544_Lib1_235","ORB544_Lib1_235","ORB544_Lib1","STE00114_1005_H2F22CCX2","L001","N707","CTCTCTAC","S517","TCTTACGC","false","Breast_Carcinoma","KYLO","Tumor","CD3+_CD4+_CD25+_GARP+",NA,NA
"ORB544_Lib1_236","ORB544_Lib1_236","ORB544_Lib1","STE00114_1005_H2F22CCX2","L001","N710","CGAGGCTG","S517","TCTTACGC","false","Breast_Carcinoma","KYLO","Tumor","CD3+_CD4+_CD25+_GARP+",NA,NA
"ORB544_Lib1_237","ORB544_Lib1_237","ORB544_Lib1","STE00114_1005_H2F22CCX2","L001","N711","AAGAGGCA","S517","TCTTACGC","false","Breast_Carcinoma","KYLO","Tumor","CD3+_CD4+_CD25+_GARP+",NA,NA
"ORB544_Lib1_238","ORB544_Lib1_238","ORB544_Lib1","STE00114_1005_H2F22CCX2","L001","N712","GTAGAGGA","S517","TCTTACGC","false","Breast_Carcinoma","KYLO","Tumor","CD3+_CD4+_CD25+_GARP+",NA,NA
"ORB544_Lib1_239","ORB544_Lib1_239","ORB544_Lib1","STE00114_1005_H2F22CCX2","L001","N714","GCTCATGA","S517","TCTTACGC","false","Breast_Carcinoma","KYLO","Tumor","CD3+_CD4+_CD25+_GARP+",NA,NA
"ORB544_Lib1_240","ORB544_Lib1_240","ORB544_Lib1","STE00114_1005_H2F22CCX2","L001","N715","ATCTCAGG","S517","TCTTACGC","false","Breast_Carcinoma","KYLO","Tumor","CD3+_CD4+_CD25+_GARP+",NA,NA
"ORB544_Lib1_241","ORB544_Lib1_241","ORB544_Lib1","STE00114_1005_H2F22CCX2","L001","N701","TAAGGCGA","S518","CTTAATAG","false","Breast_Carcinoma","KYLO","Tumor","CD3+_CD4+_CD25+_GARP+",NA,NA
"ORB544_Lib1_242","ORB544_Lib1_242","ORB544_Lib1","STE00114_1005_H2F22CCX2","L001","N702","CGTACTAG","S518","CTTAATAG","false","Breast_Carcinoma","KYLO","Tumor","CD3+_CD4+_CD25+_GARP+",NA,NA
"ORB544_Lib1_243","ORB544_Lib1_243","ORB544_Lib1","STE00114_1005_H2F22CCX2","L001","N703","AGGCAGAA","S518","CTTAATAG","false","Breast_Carcinoma","KYLO","Tumor","CD3+_CD4+_CD25+_GARP+",NA,NA
"ORB544_Lib1_244","ORB544_Lib1_244","ORB544_Lib1","STE00114_1005_H2F22CCX2","L001","N704","TCCTGAGC","S518","CTTAATAG","false","Breast_Carcinoma","KYLO","Tumor","CD3+_CD4+_CD25+_GARP+",NA,NA
"ORB544_Lib1_245","ORB544_Lib1_245","ORB544_Lib1","STE00114_1005_H2F22CCX2","L001","N705","GGACTCCT","S518","CTTAATAG","false","Breast_Carcinoma","KYLO","Tumor","CD3+_CD4+_CD25+_GARP+",NA,NA
"ORB544_Lib1_246","ORB544_Lib1_246","ORB544_Lib1","STE00114_1005_H2F22CCX2","L001","N706","TAGGCATG","S518","CTTAATAG","false","Breast_Carcinoma","KYLO","Tumor","CD3+_CD4+_CD25+_GARP+",NA,NA
"ORB544_Lib1_247","ORB544_Lib1_247","ORB544_Lib1","STE00114_1005_H2F22CCX2","L001","N707","CTCTCTAC","S518","CTTAATAG","false","Breast_Carcinoma","KYLO","Tumor","CD3+_CD4+_CD25+_GARP+",NA,NA
"ORB544_Lib1_248","ORB544_Lib1_248","ORB544_Lib1","STE00114_1005_H2F22CCX2","L001","N710","CGAGGCTG","S518","CTTAATAG","false","Breast_Carcinoma","KYLO","Tumor","CD3+_CD4+_CD25+_GARP+",NA,NA
"ORB544_Lib1_249","ORB544_Lib1_249","ORB544_Lib1","STE00114_1005_H2F22CCX2","L001","N711","AAGAGGCA","S518","CTTAATAG","false","Breast_Carcinoma","KYLO","Tumor","CD3+_CD4+_CD25+_GARP+",NA,NA
"ORB544_Lib1_250","ORB544_Lib1_250","ORB544_Lib1","STE00114_1005_H2F22CCX2","L001","N712","GTAGAGGA","S518","CTTAATAG","false","Breast_Carcinoma","KYLO","Tumor","CD3+_CD4+_CD25+_GARP+",NA,NA
"ORB544_Lib1_251","ORB544_Lib1_251","ORB544_Lib1","STE00114_1005_H2F22CCX2","L001","N714","GCTCATGA","S518","CTTAATAG","false","Breast_Carcinoma","KYLO","Tumor","CD3+_CD4+_CD25+_GARP+",NA,NA
"ORB544_Lib1_252","ORB544_Lib1_252","ORB544_Lib1","STE00114_1005_H2F22CCX2","L001","N715","ATCTCAGG","S518","CTTAATAG","false","Breast_Carcinoma","KYLO","Tumor","CD3+_CD4+_CD25+_GARP+",NA,NA
"ORB544_Lib1_253","ORB544_Lib1_253","ORB544_Lib1","STE00114_1005_H2F22CCX2","L001","N701","TAAGGCGA","S520","ATAGCCTT","false","Breast_Carcinoma","KYLO","Tumor","CD3+_CD4+_CD25+_GARP+",NA,NA
"ORB544_Lib1_254","ORB544_Lib1_254","ORB544_Lib1","STE00114_1005_H2F22CCX2","L001","N702","CGTACTAG","S520","ATAGCCTT","false","Breast_Carcinoma","KYLO","Tumor","CD3+_CD4+_CD25+_GARP+",NA,NA
"ORB544_Lib1_255","ORB544_Lib1_255","ORB544_Lib1","STE00114_1005_H2F22CCX2","L001","N703","AGGCAGAA","S520","ATAGCCTT","false","Breast_Carcinoma","KYLO","Tumor","CD3+_CD4+_CD25+_GARP+",NA,NA
"ORB544_Lib1_256","ORB544_Lib1_256","ORB544_Lib1","STE00114_1005_H2F22CCX2","L001","N704","TCCTGAGC","S520","ATAGCCTT","false","Breast_Carcinoma","KYLO","Tumor","CD3+_CD4+_CD25+_GARP+",NA,NA
"ORB544_Lib1_257","ORB544_Lib1_257","ORB544_Lib1","STE00114_1005_H2F22CCX2","L001","N705","GGACTCCT","S520","ATAGCCTT","false","Breast_Carcinoma","KYLO","Tumor","CD3+_CD4+_CD25+_GARP+",NA,NA
"ORB544_Lib1_258","ORB544_Lib1_258","ORB544_Lib1","STE00114_1005_H2F22CCX2","L001","N706","TAGGCATG","S520","ATAGCCTT","false","Breast_Carcinoma","KYLO","Tumor","CD3+_CD4+_CD25+_GARP+",NA,NA
"ORB544_Lib1_259","ORB544_Lib1_259","ORB544_Lib1","STE00114_1005_H2F22CCX2","L001","N707","CTCTCTAC","S520","ATAGCCTT","false","Breast_Carcinoma","KYLO","Tumor","CD3+_CD4+_CD25+_GARP+",NA,NA
"ORB544_Lib1_260","ORB544_Lib1_260","ORB544_Lib1","STE00114_1005_H2F22CCX2","L001","N710","CGAGGCTG","S520","ATAGCCTT","false","Breast_Carcinoma","KYLO","Tumor","CD3+_CD4+_CD25+_GARP+",NA,NA
"ORB544_Lib1_261","ORB544_Lib1_261","ORB544_Lib1","STE00114_1005_H2F22CCX2","L001","N711","AAGAGGCA","S520","ATAGCCTT","false","Breast_Carcinoma","KYLO","Tumor","CD3+_CD4+_CD25+_GARP+",NA,NA
"ORB544_Lib1_262","ORB544_Lib1_262","ORB544_Lib1","STE00114_1005_H2F22CCX2","L001","N712","GTAGAGGA","S520","ATAGCCTT","false","Breast_Carcinoma","KYLO","Tumor","CD3+_CD4+_CD25+_GARP+",NA,NA
"ORB544_Lib1_263","ORB544_Lib1_263","ORB544_Lib1","STE00114_1005_H2F22CCX2","L001","N714","GCTCATGA","S520","ATAGCCTT","false","Breast_Carcinoma","KYLO","Tumor","CD3+_CD4+_CD25+_GARP+",NA,NA
"ORB544_Lib1_264","ORB544_Lib1_264","ORB544_Lib1","STE00114_1005_H2F22CCX2","L001","N715","ATCTCAGG","S520","ATAGCCTT","false","Breast_Carcinoma","KYLO","Tumor","CD3+_CD4+_CD25+_GARP+",NA,NA
"ORB544_Lib1_265","ORB544_Lib1_265","ORB544_Lib1","STE00114_1005_H2F22CCX2","L001","N701","TAAGGCGA","S521","TAAGGCTC","false","Breast_Carcinoma","KYLO","Tumor","CD3+_CD4+_CD25+_GARP+",NA,NA
"ORB544_Lib1_266","ORB544_Lib1_266","ORB544_Lib1","STE00114_1005_H2F22CCX2","L001","N702","CGTACTAG","S521","TAAGGCTC","false","Breast_Carcinoma","KYLO","Tumor","CD3+_CD4+_CD25+_GARP+",NA,NA
"ORB544_Lib1_267","ORB544_Lib1_267","ORB544_Lib1","STE00114_1005_H2F22CCX2","L001","N703","AGGCAGAA","S521","TAAGGCTC","false","Breast_Carcinoma","KYLO","Tumor","CD3+_CD4+_CD25+_GARP+",NA,NA
"ORB544_Lib1_268","ORB544_Lib1_268","ORB544_Lib1","STE00114_1005_H2F22CCX2","L001","N704","TCCTGAGC","S521","TAAGGCTC","false","Breast_Carcinoma","KYLO","Tumor","CD3+_CD4+_CD25+_GARP+",NA,NA
"ORB544_Lib1_269","ORB544_Lib1_269","ORB544_Lib1","STE00114_1005_H2F22CCX2","L001","N705","GGACTCCT","S521","TAAGGCTC","false","Breast_Carcinoma","KYLO","Tumor","CD3+_CD4+_CD25+_GARP+",NA,NA
"ORB544_Lib1_270","ORB544_Lib1_270","ORB544_Lib1","STE00114_1005_H2F22CCX2","L001","N706","TAGGCATG","S521","TAAGGCTC","false","Breast_Carcinoma","KYLO","Tumor","CD3+_CD4+_CD25+_GARP+",NA,NA
"ORB544_Lib1_271","ORB544_Lib1_271","ORB544_Lib1","STE00114_1005_H2F22CCX2","L001","N707","CTCTCTAC","S521","TAAGGCTC","false","Breast_Carcinoma","KYLO","Tumor","CD3+_CD4+_CD25+_GARP+",NA,NA
"ORB544_Lib1_272","ORB544_Lib1_272","ORB544_Lib1","STE00114_1005_H2F22CCX2","L001","N710","CGAGGCTG","S521","TAAGGCTC","false","Breast_Carcinoma","KYLO","Tumor","CD3+_CD4+_CD25+_GARP+",NA,NA
"ORB544_Lib1_273","ORB544_Lib1_273","ORB544_Lib1","STE00114_1005_H2F22CCX2","L001","N711","AAGAGGCA","S521","TAAGGCTC","false","Breast_Carcinoma","KYLO","Tumor","CD3+_CD4+_CD25+_GARP+",NA,NA
"ORB544_Lib1_274","ORB544_Lib1_274","ORB544_Lib1","STE00114_1005_H2F22CCX2","L001","N712","GTAGAGGA","S521","TAAGGCTC","false","Breast_Carcinoma","KYLO","Tumor","CD3+_CD4+_CD25+_GARP+",NA,NA
"ORB544_Lib1_275","ORB544_Lib1_275","ORB544_Lib1","STE00114_1005_H2F22CCX2","L001","N714","GCTCATGA","S521","TAAGGCTC","false","Breast_Carcinoma","KYLO","Tumor","CD3+_CD4+_CD25+_GARP+",NA,NA
"ORB544_Lib1_276","ORB544_Lib1_276","ORB544_Lib1","STE00114_1005_H2F22CCX2","L001","N715","ATCTCAGG","S521","TAAGGCTC","false","Breast_Carcinoma","KYLO","Tumor","CD3+_CD4+_CD25+_GARP+",NA,NA
"ORB544_Lib1_277","ORB544_Lib1_277","ORB544_Lib1","STE00114_1005_H2F22CCX2","L001","N701","TAAGGCGA","S522","TCGCATAA","false","Breast_Carcinoma","KYLO","Tumor","CD3+_CD4+_CD25+_GARP+",NA,NA
"ORB544_Lib1_278","ORB544_Lib1_278","ORB544_Lib1","STE00114_1005_H2F22CCX2","L001","N702","CGTACTAG","S522","TCGCATAA","false","Breast_Carcinoma","KYLO","Tumor","CD3+_CD4+_CD25+_GARP+",NA,NA
"ORB544_Lib1_279","ORB544_Lib1_279","ORB544_Lib1","STE00114_1005_H2F22CCX2","L001","N703","AGGCAGAA","S522","TCGCATAA","false","Breast_Carcinoma","KYLO","Tumor","CD3+_CD4+_CD25+_GARP+",NA,NA
"ORB544_Lib1_280","ORB544_Lib1_280","ORB544_Lib1","STE00114_1005_H2F22CCX2","L001","N704","TCCTGAGC","S522","TCGCATAA","false","Breast_Carcinoma","KYLO","Tumor","CD3+_CD4+_CD25+_GARP+",NA,NA
"ORB544_Lib1_281","ORB544_Lib1_281","ORB544_Lib1","STE00114_1005_H2F22CCX2","L001","N705","GGACTCCT","S522","TCGCATAA","false","Breast_Carcinoma","KYLO","Tumor","CD3+_CD4+_CD25+_GARP+",NA,NA
"ORB544_Lib1_282","ORB544_Lib1_282","ORB544_Lib1","STE00114_1005_H2F22CCX2","L001","N706","TAGGCATG","S522","TCGCATAA","false","Breast_Carcinoma","KYLO","Tumor","CD3+_CD4+_CD25+_GARP+",NA,NA
"ORB544_Lib1_283","ORB544_Lib1_283","ORB544_Lib1","STE00114_1005_H2F22CCX2","L001","N707","CTCTCTAC","S522","TCGCATAA","false","Breast_Carcinoma","KYLO","Tumor","CD3+_CD4+_CD25+_GARP+",NA,NA
"ORB544_Lib1_284","ORB544_Lib1_284","ORB544_Lib1","STE00114_1005_H2F22CCX2","L001","N710","CGAGGCTG","S522","TCGCATAA","false","Breast_Carcinoma","KYLO","Tumor","CD3+_CD4+_CD25+_GARP+",NA,NA
"ORB544_Lib1_285","ORB544_Lib1_285","ORB544_Lib1","STE00114_1005_H2F22CCX2","L001","N711","AAGAGGCA","S522","TCGCATAA","false","Breast_Carcinoma","KYLO","Tumor","CD3+_CD4+_CD25+_GARP+",NA,NA
"ORB544_Lib1_286","ORB544_Lib1_286","ORB544_Lib1","STE00114_1005_H2F22CCX2","L001","N712","GTAGAGGA","S522","TCGCATAA","false","Breast_Carcinoma","KYLO","Tumor","CD3+_CD4+_CD25+_GARP+",NA,NA
"ORB544_Lib1_287","ORB544_Lib1_287","ORB544_Lib1","STE00114_1005_H2F22CCX2","L001","N714","GCTCATGA","S522","TCGCATAA","false","Breast_Carcinoma","KYLO","Tumor","CD3+_CD4+_CD25+_GARP+",NA,NA
"ORB544_Lib1_288","ORB544_Lib1_288","ORB544_Lib1","STE00114_1005_H2F22CCX2","L001","N715","ATCTCAGG","S522","TCGCATAA","false","Breast_Carcinoma","KYLO","Tumor","CD3+_CD4+_CD25+_GARP+",NA,NA
"ORB544_Lib2_097","ORB544_Lib2_097","ORB544_Lib2","STE00114_1005_H2F22CCX2","L002","N716","ACTCGCTA","S502","ATAGAGAG","false","Breast_Carcinoma","NOTT","Tumor","CD3+_CD4+_CD25+_GARP+",NA,NA
"ORB544_Lib2_098","ORB544_Lib2_098","ORB544_Lib2","STE00114_1005_H2F22CCX2","L002","N718","GGAGCTAC","S502","ATAGAGAG","false","Breast_Carcinoma","NOTT","Tumor","CD3+_CD4+_CD25+_GARP+",NA,NA
"ORB544_Lib2_099","ORB544_Lib2_099","ORB544_Lib2","STE00114_1005_H2F22CCX2","L002","N719","GCGTAGTA","S502","ATAGAGAG","false","Breast_Carcinoma","NOTT","Tumor","CD3+_CD4+_CD25+_GARP+",NA,NA
"ORB544_Lib2_100","ORB544_Lib2_100","ORB544_Lib2","STE00114_1005_H2F22CCX2","L002","N720","CGGAGCCT","S502","ATAGAGAG","false","Breast_Carcinoma","NOTT","Tumor","CD3+_CD4+_CD25+_GARP+",NA,NA
"ORB544_Lib2_101","ORB544_Lib2_101","ORB544_Lib2","STE00114_1005_H2F22CCX2","L002","N721","TACGCTGC","S502","ATAGAGAG","false","Breast_Carcinoma","NOTT","Tumor","CD3+_CD4+_CD25+_GARP+",NA,NA
"ORB544_Lib2_102","ORB544_Lib2_102","ORB544_Lib2","STE00114_1005_H2F22CCX2","L002","N722","ATGCGCAG","S502","ATAGAGAG","false","Breast_Carcinoma","NOTT","Tumor","CD3+_CD4+_CD25+_GARP+",NA,NA
"ORB544_Lib2_103","ORB544_Lib2_103","ORB544_Lib2","STE00114_1005_H2F22CCX2","L002","N723","TAGCGCTC","S502","ATAGAGAG","false","Breast_Carcinoma","NOTT","Tumor","CD3+_CD4+_CD25+_GARP+",NA,NA
"ORB544_Lib2_104","ORB544_Lib2_104","ORB544_Lib2","STE00114_1005_H2F22CCX2","L002","N724","ACTGAGCG","S502","ATAGAGAG","false","Breast_Carcinoma","NOTT","Tumor","CD3+_CD4+_CD25+_GARP+",NA,NA
"ORB544_Lib2_105","ORB544_Lib2_105","ORB544_Lib2","STE00114_1005_H2F22CCX2","L002","N726","CCTAAGAC","S502","ATAGAGAG","false","Breast_Carcinoma","NOTT","Tumor","CD3+_CD4+_CD25+_GARP+",NA,NA
"ORB544_Lib2_106","ORB544_Lib2_106","ORB544_Lib2","STE00114_1005_H2F22CCX2","L002","N727","CGATCAGT","S502","ATAGAGAG","false","Breast_Carcinoma","NOTT","Tumor","CD3+_CD4+_CD25+_GARP+",NA,NA
"ORB544_Lib2_107","ORB544_Lib2_107","ORB544_Lib2","STE00114_1005_H2F22CCX2","L002","N728","TGCAGCTA","S502","ATAGAGAG","false","Breast_Carcinoma","NOTT","Tumor","CD3+_CD4+_CD25+_GARP+",NA,NA
"ORB544_Lib2_108","ORB544_Lib2_108","ORB544_Lib2","STE00114_1005_H2F22CCX2","L002","N729","TCGACGTC","S502","ATAGAGAG","false","Breast_Carcinoma","NOTT","Tumor","CD3+_CD4+_CD25+_GARP+",NA,NA
"ORB544_Lib2_109","ORB544_Lib2_109","ORB544_Lib2","STE00114_1005_H2F22CCX2","L002","N716","ACTCGCTA","S503","AGAGGATA","false","Breast_Carcinoma","NOTT","Tumor","CD3+_CD4+_CD25+_GARP+",NA,NA
"ORB544_Lib2_110","ORB544_Lib2_110","ORB544_Lib2","STE00114_1005_H2F22CCX2","L002","N718","GGAGCTAC","S503","AGAGGATA","false","Breast_Carcinoma","NOTT","Tumor","CD3+_CD4+_CD25+_GARP+",NA,NA
"ORB544_Lib2_111","ORB544_Lib2_111","ORB544_Lib2","STE00114_1005_H2F22CCX2","L002","N719","GCGTAGTA","S503","AGAGGATA","false","Breast_Carcinoma","NOTT","Tumor","CD3+_CD4+_CD25+_GARP+",NA,NA
"ORB544_Lib2_112","ORB544_Lib2_112","ORB544_Lib2","STE00114_1005_H2F22CCX2","L002","N720","CGGAGCCT","S503","AGAGGATA","false","Breast_Carcinoma","NOTT","Tumor","CD3+_CD4+_CD25+_GARP+",NA,NA
"ORB544_Lib2_113","ORB544_Lib2_113","ORB544_Lib2","STE00114_1005_H2F22CCX2","L002","N721","TACGCTGC","S503","AGAGGATA","false","Breast_Carcinoma","NOTT","Tumor","CD3+_CD4+_CD25+_GARP+",NA,NA
"ORB544_Lib2_114","ORB544_Lib2_114","ORB544_Lib2","STE00114_1005_H2F22CCX2","L002","N722","ATGCGCAG","S503","AGAGGATA","false","Breast_Carcinoma","NOTT","Tumor","CD3+_CD4+_CD25+_GARP+",NA,NA
"ORB544_Lib2_115","ORB544_Lib2_115","ORB544_Lib2","STE00114_1005_H2F22CCX2","L002","N723","TAGCGCTC","S503","AGAGGATA","false","Breast_Carcinoma","NOTT","Tumor","CD3+_CD4+_CD25+_GARP+",NA,NA
"ORB544_Lib2_116","ORB544_Lib2_116","ORB544_Lib2","STE00114_1005_H2F22CCX2","L002","N724","ACTGAGCG","S503","AGAGGATA","false","Breast_Carcinoma","NOTT","Tumor","CD3+_CD4+_CD25+_GARP+",NA,NA
"ORB544_Lib2_117","ORB544_Lib2_117","ORB544_Lib2","STE00114_1005_H2F22CCX2","L002","N726","CCTAAGAC","S503","AGAGGATA","false","Breast_Carcinoma","NOTT","Tumor","CD3+_CD4+_CD25+_GARP+",NA,NA
"ORB544_Lib2_118","ORB544_Lib2_118","ORB544_Lib2","STE00114_1005_H2F22CCX2","L002","N727","CGATCAGT","S503","AGAGGATA","false","Breast_Carcinoma","NOTT","Tumor","CD3+_CD4+_CD25+_GARP+",NA,NA
"ORB544_Lib2_119","ORB544_Lib2_119","ORB544_Lib2","STE00114_1005_H2F22CCX2","L002","N728","TGCAGCTA","S503","AGAGGATA","false","Breast_Carcinoma","NOTT","Tumor","CD3+_CD4+_CD25+_GARP+",NA,NA
"ORB544_Lib2_120","ORB544_Lib2_120","ORB544_Lib2","STE00114_1005_H2F22CCX2","L002","N729","TCGACGTC","S503","AGAGGATA","false","Breast_Carcinoma","NOTT","Tumor","CD3+_CD4+_CD25+_GARP+",NA,NA
"ORB544_Lib2_121","ORB544_Lib2_121","ORB544_Lib2","STE00114_1005_H2F22CCX2","L002","N716","ACTCGCTA","S505","CTCCTTAC","false","Breast_Carcinoma","NOTT","Tumor","CD3+_CD4+_CD25+_GARP+",NA,NA
"ORB544_Lib2_122","ORB544_Lib2_122","ORB544_Lib2","STE00114_1005_H2F22CCX2","L002","N718","GGAGCTAC","S505","CTCCTTAC","false","Breast_Carcinoma","NOTT","Tumor","CD3+_CD4+_CD25+_GARP+",NA,NA
"ORB544_Lib2_123","ORB544_Lib2_123","ORB544_Lib2","STE00114_1005_H2F22CCX2","L002","N719","GCGTAGTA","S505","CTCCTTAC","false","Breast_Carcinoma","NOTT","Tumor","CD3+_CD4+_CD25+_GARP+",NA,NA
"ORB544_Lib2_124","ORB544_Lib2_124","ORB544_Lib2","STE00114_1005_H2F22CCX2","L002","N720","CGGAGCCT","S505","CTCCTTAC","false","Breast_Carcinoma","NOTT","Tumor","CD3+_CD4+_CD25+_GARP+",NA,NA
"ORB544_Lib2_125","ORB544_Lib2_125","ORB544_Lib2","STE00114_1005_H2F22CCX2","L002","N721","TACGCTGC","S505","CTCCTTAC","false","Breast_Carcinoma","NOTT","Tumor","CD3+_CD4+_CD25+_GARP+",NA,NA
"ORB544_Lib2_126","ORB544_Lib2_126","ORB544_Lib2","STE00114_1005_H2F22CCX2","L002","N722","ATGCGCAG","S505","CTCCTTAC","false","Breast_Carcinoma","NOTT","Tumor","CD3+_CD4+_CD25+_GARP+",NA,NA
"ORB544_Lib2_127","ORB544_Lib2_127","ORB544_Lib2","STE00114_1005_H2F22CCX2","L002","N723","TAGCGCTC","S505","CTCCTTAC","false","Breast_Carcinoma","NOTT","Tumor","CD3+_CD4+_CD25+_GARP+",NA,NA
"ORB544_Lib2_128","ORB544_Lib2_128","ORB544_Lib2","STE00114_1005_H2F22CCX2","L002","N724","ACTGAGCG","S505","CTCCTTAC","false","Breast_Carcinoma","NOTT","Tumor","CD3+_CD4+_CD25+_GARP+",NA,NA
"ORB544_Lib2_129","ORB544_Lib2_129","ORB544_Lib2","STE00114_1005_H2F22CCX2","L002","N726","CCTAAGAC","S505","CTCCTTAC","false","Breast_Carcinoma","NOTT","Tumor","CD3+_CD4+_CD25+_GARP+",NA,NA
"ORB544_Lib2_130","ORB544_Lib2_130","ORB544_Lib2","STE00114_1005_H2F22CCX2","L002","N727","CGATCAGT","S505","CTCCTTAC","false","Breast_Carcinoma","NOTT","Tumor","CD3+_CD4+_CD25+_GARP+",NA,NA
"ORB544_Lib2_131","ORB544_Lib2_131","ORB544_Lib2","STE00114_1005_H2F22CCX2","L002","N728","TGCAGCTA","S505","CTCCTTAC","false","Breast_Carcinoma","NOTT","Tumor","CD3+_CD4+_CD25+_GARP+",NA,NA
"ORB544_Lib2_132","ORB544_Lib2_132","ORB544_Lib2","STE00114_1005_H2F22CCX2","L002","N729","TCGACGTC","S505","CTCCTTAC","false","Breast_Carcinoma","NOTT","Tumor","CD3+_CD4+_CD25+_GARP+",NA,NA
"ORB544_Lib2_133","ORB544_Lib2_133","ORB544_Lib2","STE00114_1005_H2F22CCX2","L002","N716","ACTCGCTA","S506","TATGCAGT","false","Breast_Carcinoma","NOTT","Tumor","CD3+_CD4+_CD25+_GARP+",NA,NA
"ORB544_Lib2_134","ORB544_Lib2_134","ORB544_Lib2","STE00114_1005_H2F22CCX2","L002","N718","GGAGCTAC","S506","TATGCAGT","false","Breast_Carcinoma","NOTT","Tumor","CD3+_CD4+_CD25+_GARP+",NA,NA
"ORB544_Lib2_135","ORB544_Lib2_135","ORB544_Lib2","STE00114_1005_H2F22CCX2","L002","N719","GCGTAGTA","S506","TATGCAGT","false","Breast_Carcinoma","NOTT","Tumor","CD3+_CD4+_CD25+_GARP+",NA,NA
"ORB544_Lib2_136","ORB544_Lib2_136","ORB544_Lib2","STE00114_1005_H2F22CCX2","L002","N720","CGGAGCCT","S506","TATGCAGT","false","Breast_Carcinoma","NOTT","Tumor","CD3+_CD4+_CD25+_GARP+",NA,NA
"ORB544_Lib2_137","ORB544_Lib2_137","ORB544_Lib2","STE00114_1005_H2F22CCX2","L002","N721","TACGCTGC","S506","TATGCAGT","false","Breast_Carcinoma","NOTT","Tumor","CD3+_CD4+_CD25+_GARP+",NA,NA
"ORB544_Lib2_138","ORB544_Lib2_138","ORB544_Lib2","STE00114_1005_H2F22CCX2","L002","N722","ATGCGCAG","S506","TATGCAGT","false","Breast_Carcinoma","NOTT","Tumor","CD3+_CD4+_CD25+_GARP+",NA,NA
"ORB544_Lib2_139","ORB544_Lib2_139","ORB544_Lib2","STE00114_1005_H2F22CCX2","L002","N723","TAGCGCTC","S506","TATGCAGT","false","Breast_Carcinoma","NOTT","Tumor","CD3+_CD4+_CD25+_GARP+",NA,NA
"ORB544_Lib2_140","ORB544_Lib2_140","ORB544_Lib2","STE00114_1005_H2F22CCX2","L002","N724","ACTGAGCG","S506","TATGCAGT","false","Breast_Carcinoma","NOTT","Tumor","CD3+_CD4+_CD25+_GARP+",NA,NA
"ORB544_Lib2_141","ORB544_Lib2_141","ORB544_Lib2","STE00114_1005_H2F22CCX2","L002","N726","CCTAAGAC","S506","TATGCAGT","false","Breast_Carcinoma","NOTT","Tumor","CD3+_CD4+_CD25+_GARP+",NA,NA
"ORB544_Lib2_142","ORB544_Lib2_142","ORB544_Lib2","STE00114_1005_H2F22CCX2","L002","N727","CGATCAGT","S506","TATGCAGT","false","Breast_Carcinoma","NOTT","Tumor","CD3+_CD4+_CD25+_GARP+",NA,NA
"ORB544_Lib2_143","ORB544_Lib2_143","ORB544_Lib2","STE00114_1005_H2F22CCX2","L002","N728","TGCAGCTA","S506","TATGCAGT","false","Breast_Carcinoma","NOTT","Tumor","CD3+_CD4+_CD25+_GARP+",NA,NA
"ORB544_Lib2_144","ORB544_Lib2_144","ORB544_Lib2","STE00114_1005_H2F22CCX2","L002","N729","TCGACGTC","S506","TATGCAGT","false","Breast_Carcinoma","NOTT","Tumor","CD3+_CD4+_CD25+_GARP+",NA,NA
"ORB544_Lib2_145","ORB544_Lib2_145","ORB544_Lib2","STE00114_1005_H2F22CCX2","L002","N716","ACTCGCTA","S507","TACTCCTT","false","Breast_Carcinoma","NOTT","Tumor","CD3+_CD4+_CD25+_GARP+",NA,NA
